Workbook

Sheet BENDROJI
B3: BENDROJI 2022 METŲ BIBLIOTEKŲ ATASKAITA
B5: 1 KULTŪRA METINĖ
R6: Duomenys ataskaitinių metų pabaigoje
O7: Jose: | T7: Bibliotekų, turinčių
M8: Eil. | N8: Biblio- | O8: Dokumentų | P8: Varto- | Q8: Dokumentų | R8: Lanky- | S8: Profesio- | T8: kompiuterius, skaičius
M9: Nr. | N9: tekų | O9: fondas | P9: tojų | Q9: išduotis | R9: tojų | S9: nalūs dar- | U9: iš jų: interne-
N10: skaičius | O10: (fiz. vnt.) | P10: skaičius | Q10: (fiz. vnt.) | R10: skaičius | S10: buotojai | T10: Iš viso | U10: to prieigą
M11: 0 | N11: 1 | O11: 2 | P11: 3 | Q11: 4 | R11: 5 | S11: 6 | T11: 7 | U11: 8
B12: KULTŪROS MINISTERIJA (eil. 2+3+4+5+7+8) | M12: 1 | N12: =SUM(N13,N14,N15,N16,N22,N23) -> 1207 | O12: =SUM(O13,O14,O15,O16,O22,O23) -> 22549694 | P12: =SUM(P13,P14,P15,P16,P22,P23) -> 451905 | Q12: =SUM(Q13,Q14,Q15,Q16,Q22,Q23) -> 11539140 | R12: =SUM(R13,R14,R15,R16,R22,R23) -> 11421409 | S12: =SUM(S13,S14,S15,S16,S22,S23) -> 3054 | T12: =SUM(T13,T14,T15,T16,T22,T23) -> 1205 | U12: =SUM(U13,U14,U15,U16,U22,U23) -> 1205
B13: Lietuvos nacionalinė biblioteka | M13: 2 | N13: 1 | O13: 6471869 | P13: 16312 | Q13: 558526 | R13: 3403376 | S13: 224 | T13: 1 | U13: 1
B14: Lietuvos audiosensorinė (aklųjų) biblioteka | M14: 3 | N14: 1 | O14: 238374 | P14: 7773 | Q14: 100268 | R14: 15753 | S14: 48 | T14: 1 | U14: 1
B15: Apskričių viešosios bibliotekos | M15: 4 | N15: 5 | O15: 3979859 | P15: 40620 | Q15: 961407 | R15: 693520 | S15: 386 | T15: 5 | U15: 5
B16: Savivaldybių viešosios bibliotekos (eil.5a+5b+5c+5d) | M16: 5 | N16: =SUM(N17,N18,N19,N20) -> 1183 | O16: =SUM(O17,O18,O19,O20) -> 11306006 | P16: =SUM(P17,P18,P19,P20) -> 386164 | Q16: =SUM(Q17,Q18,Q19,Q20) -> 9907883 | R16: =SUM(R17,R18,R19,R20) -> 7298602 | S16: =SUM(S17,S18,S19,S20) -> 2379 | T16: =SUM(T17,T18,T19,T20) -> 1183 | U16: =SUM(U17,U18,U19,U20) -> 1183
B17: Viešosios (centrinės) bibliotekos (VB) | M17: 5a | N17: 60 | O17: 3555456 | P17: 173087 | Q17: 3044929 | R17: 2469839 | S17: 1026 | T17: 60 | U17: 60
B18: VB miesto filialai | M18: 5b | N18: 118 | O18: 1987309 | P18: 63037 | Q18: 2695380 | R18: 1820862 | S18: 316 | T18: 118 | U18: 118
B19: VB vaikų filialai | M19: 5c | N19: 9 | O19: 135997 | P19: 9022 | Q19: 233513 | R19: 148880 | S19: 28 | T19: 9 | U19: 9
B20: VB kaimo filialai | M20: 5d | N20: 996 | O20: 5627244 | P20: 141018 | Q20: 3934061 | R20: 2859021 | S20: 1009 | T20: 996 | U20: 996
B21: iš jų VB filialai sujungti su m-lų b-komis | M21: 6 | N21: 45 | O21: 424096 | P21: 8764 | Q21: 242468 | R21: 216694 | S21: 58 | T21: 45 | U21: 45
B22: Muziejų bibliotekos | M22: 7 | N22: 16 | O22: 544510 | P22: 815 | Q22: 4244 | R22: 6332 | S22: 16 | T22: 14 | U22: 14
B23: Kitų kultūros įstaigų bibliotekos | M23: 8 | N23: 1 | O23: 9076 | P23: 221 | Q23: 6812 | R23: 3826 | S23: 1 | T23: 1 | U23: 1
B24: Mokslo įstaigų bibliotekos (eil.9a+9b) | M24: 9 | N24: =SUM(N25:N26) -> 4 | O24: =SUM(O25:O26) -> 4327945 | P24: =SUM(P25:P26) -> 9209 | Q24: =SUM(Q25:Q26) -> 68234 | R24: =SUM(R25:R26) -> 27553 | S24: =SUM(S25:S26) -> 106 | T24: =SUM(T25,T26) -> 4 | U24: =SUM(U25,U26) -> 4
B25: Lietuvos mokslų akademijos Vrublevskių biblioteka | M25: 9a | N25: 1 | O25: 3701827 | P25: 9012 | Q25: 64147 | R25: 26516 | S25: 96 | T25: 1 | U25: 1
B26: Mokslo institutų bibliotekos | M26: 9b | N26: 3 | O26: 626118 | P26: 197 | Q26: 4087 | R26: 1037 | S26: 10 | T26: 3 | U26: 3
B27: Specialiosios bibliotekos (eil.11+12+13+14) | M27: 10 | N27: =SUM(N28,N31,N34,N37) -> 15 | O27: =SUM(O28,O31,O34,O37) -> 1026635 | P27: =SUM(P28,P31,P34,P37) -> 4303 | Q27: =SUM(Q28,Q31,Q34,Q37) -> 60577 | R27: =SUM(R28,R31,R34,R37) -> 21471 | S27: =SUM(S28,S31,S34,S37) -> 38 | T27: =SUM(T28,T31,T34,T37) -> 16 | U27: =SUM(U28,U31,U34,U37) -> 16
B28: Valdžios institucijų bibliotekos. Iš jų: | M28: 11 | N28: =SUM(N29,N30) -> 7 | O28: =SUM(O29,O30) -> 113346 | P28: =SUM(P29,P30) -> 1589 | Q28: =SUM(Q29,Q30) -> 15605 | R28: =SUM(R29,R30) -> 5592 | S28: =SUM(S29,S30) -> 4 | T28: =SUM(T29,T30) -> 7 | U28: =SUM(U29,U30) -> 7
B29: Valdymo institucijų bibliotekos | M29: 11a | N29: 1 | O29: 6127 | P29: 129 | Q29: 711 | R29: 0 | S29: 1 | T29: 1 | U29: 1
B30: Krašto apsaugos ministerijai pavaldžios bibliotekos | M30: 11b | N30: 6 | O30: 107219 | P30: 1460 | Q30: 14894 | R30: 5592 | S30: 3 | T30: 6 | U30: 6
B31: Techninių bibliotekų tinklas (iš viso) | M31: 12 | N31: =SUM(N32,N33) -> 2 | O31: =SUM(O32,O33) -> 19086 | P31: =SUM(P32,P33) -> 438 | Q31: =SUM(Q32,Q33) -> 395 | R31: =SUM(R32,R33) -> 0 | S31: =SUM(S32,S33) -> 1 | T31: =SUM(T32,T33) -> 2 | U31: =SUM(U32,U33) -> 2
M32: 12a
B33: techninės bibliotekos | M33: 12a | N33: 2 | O33: 19086 | P33: 438 | Q33: 395 | R33: 0 | S33: 1 | T33: 2 | U33: 2
B34: Medicinos bibliotekų tinklas (iš viso). Iš jų: | M34: 13 | N34: =SUM(N35,N36) -> 5 | O34: =SUM(O35,O36) -> 597853 | P34: =SUM(P35,P36) -> 2053 | Q34: =SUM(Q35,Q36) -> 44125 | R34: =SUM(R35,R36) -> 15580 | S34: =SUM(S35,S36) -> 31 | T34: =SUM(T35,T36) -> 6 | U34: =SUM(U35,U36) -> 6
B35: Lietuvos medicinos biblioteka | M35: 13a | N35: 1 | O35: 545197 | P35: 832 | Q35: 10669 | R35: 8124 | S35: 25 | T35: 1 | U35: 1
B36: Sveikatos priežiūros įstaigų bibliotekos | M36: 13b | N36: 4 | O36: 52656 | P36: 1221 | Q36: 33456 | R36: 7456 | S36: 6 | T36: 5 | U36: 5
B37: Žemės ūkio bibliotekų tinklas (iš viso) | M37: 14 | N37: 1 | O37: 296350 | P37: 223 | Q37: 452 | R37: 299 | S37: 2 | T37: 1 | U37: 1
B38: Iš viso 2022 m. (eil. 1+10) | M38: 15 | N38: =SUM(N12, N27) -> 1222 | O38: =SUM(O12, O27) -> 23576329 | P38: =SUM(P12, P27) -> 456208 | Q38: =SUM(Q12, Q27) -> 11599717 | R38: =SUM(R12, R27) -> 11442880 | S38: =SUM(S12, S27) -> 3092 | T38: =SUM(T12, T27) -> 1221 | U38: =SUM(U12, U27) -> 1221
B39: Tęsinys kitame lape
O41: Jose: | T41: Bibliotekų, turinčių
N42: Biblio- | O42: Dokumentų | P42: Varto- | Q42: Dokumentų | R42: Lanky- | S42: Profesio- | T42: kompiuterius, skaičius
N43: tekų | O43: fondas | P43: tojų | Q43: išduotis | R43: tojų | S43: nalūs dar- | U43: iš jų su inter-
N44: skaičius | O44: (fiz. vnt.) | P44: skaičius | Q44: (fiz. vnt.) | R44: skaičius | S44: buotojai | T44: Iš viso | U44: neto prieiga
M45: 0 | N45: 1 | O45: 2 | P45: 3 | Q45: 4 | R45: 5 | S45: 6 | T45: 7 | U45: 8
B46: ŠVIETIMO IR MOKSLO MINISTERIJA (eil. 9+ 17+20+21) | M46: 16 | N46: =SUM(N24, N47, N56, N57) -> 930 | O46: =SUM(O24, O47, O56, O57) -> 23775542 | P46: =SUM(P24, P47, P56, P57) -> 489684 | Q46: =SUM(Q24, Q47, Q56, Q57) -> 4175593 | R46: =SUM(R24, R47, R56, R57) -> 5810430 | S46: =SUM(S24, S47, S56, S57) -> 1680 | T46: =SUM(T24, T47, T56, T57) -> 881 | U46: =SUM(U24, U47, U56, U57) -> 881
B47: Aukštųjų mokyklų bibliotekos (eil.18+19) | M47: 17 | N47: =SUM(N50,N53) -> 34 | O47: =SUM(O50,O53) -> 10140347 | P47: =SUM(P50,P53) -> 146105 | Q47: =SUM(Q50,Q53) -> 928117 | R47: =SUM(R50,R53) -> 1757927 | S47: =SUM(S50,S53) -> 418 | T47: =SUM(T50,T53) -> 32 | U47: =SUM(U50,U53) -> 32
B48: universitetų bibliotekos (eil.18a+19a) | M48: 17a | N48: =SUM(N51,N54) -> 16 | O48: =SUM(O51,O54) -> 9280648 | P48: =SUM(P51,P54) -> 115728 | Q48: =SUM(Q51,Q54) -> 698630 | R48: =SUM(R51,R54) -> 1480423 | S48: =SUM(S51,S54) -> 350 | T48: =SUM(T51,T54) -> 14 | U48: =SUM(U51,U54) -> 14
B49: kolegijų bibliotekos (eil.18b+19b) | M49: 17b | N49: =SUM(N52,N55) -> 18 | O49: =SUM(O52,O55) -> 859699 | P49: =SUM(P52,P55) -> 30377 | Q49: =SUM(Q52,Q55) -> 229487 | R49: =SUM(R52,R55) -> 277504 | S49: =SUM(S52,S55) -> 68 | T49: =SUM(T52,T55) -> 18 | U49: =SUM(U52,U55) -> 18
B50: Valstybinių aukštųjų mokyklų bibliotekos. Iš jų: | M50: 18 | N50: =SUM(N51,N52) -> 23 | O50: =SUM(O51,O52) -> 9903905 | P50: =SUM(P51,P52) -> 138268 | Q50: =SUM(Q51,Q52) -> 890763 | R50: =SUM(R51,R52) -> 1715309 | S50: =SUM(S51,S52) -> 401 | T50: =SUM(T51,T52) -> 23 | U50: =SUM(U51,U52) -> 23
B51: universitetų bibliotekos | M51: 18a | N51: 11 | O51: 9108777 | P51: 111873 | Q51: 666072 | R51: 1448648 | S51: 342 | T51: 11 | U51: 11
B52: kolegijų bibliotekos | M52: 18b | N52: 12 | O52: 795128 | P52: 26395 | Q52: 224691 | R52: 266661 | S52: 59 | T52: 12 | U52: 12
B53: Nevalstybinių aukštųjų mokyklų bibliotekos. Iš jų: | M53: 19 | N53: =SUM(N54,N55) -> 11 | O53: =SUM(O54,O55) -> 236442 | P53: =SUM(P54,P55) -> 7837 | Q53: =SUM(Q54,Q55) -> 37354 | R53: =SUM(R54,R55) -> 42618 | S53: =SUM(S54,S55) -> 17 | T53: =SUM(T54,T55) -> 9 | U53: =SUM(U54,U55) -> 9
B54: aukštųjų mokyklų bibliotekos | M54: 19a | N54: 5 | O54: 171871 | P54: 3855 | Q54: 32558 | R54: 31775 | S54: 8 | T54: 3 | U54: 3
B55: kolegijų bibliotekos | M55: 19b | N55: 6 | O55: 64571 | P55: 3982 | Q55: 4796 | R55: 10843 | S55: 9 | T55: 6 | U55: 6
B56: Profesinių mokyklų bibliotekos | M56: 20 | N56: 53 | O56: 1026221 | P56: 29554 | Q56: 201367 | R56: 186859 | S56: 74 | T56: 50 | U56: 50
B57: Švietimo įstaigų bibliotekos (eil.22+26+27+28+29) | M57: 21 | N57: =SUM(N58,N77,N78,N79,N80) -> 839 | O57: =SUM(O58,O77,O78,O79,O80) -> 8281029 | P57: =SUM(P58,P77,P78,P79,P80) -> 304816 | Q57: =SUM(Q58,Q77,Q78,Q79,Q80) -> 2977875 | R57: =SUM(R58,R77,R78,R79,R80) -> 3838091 | S57: =SUM(S58,S77,S78,S79,S80) -> 1082 | T57: =SUM(T58,T77,T78,T79,T80) -> 795 | U57: =SUM(U58,U77,U78,U79,U80) -> 795
B58: Bendrojo lavinimo mokyklų bibliotekos (iš viso) (eil.22a+22b+22c+22d) | M58: 22 | N58: =SUM(N59,N60,Y64,N61,N62) -> 774 | O58: =SUM(O59,O60,Z64,O61,O62) -> 7874637 | P58: =SUM(P59,P60,AA64,P61,P62) -> 293772 | Q58: =SUM(Q59,Q60,AB64,Q61,Q62) -> 2904677 | R58: =SUM(R59,R60,AC64,R61,R62) -> 3754983 | S58: =SUM(S59,S60,AD64,S61,S62) -> 1037 | T58: =SUM(T59,T60,AE64,T61,T62) -> 751 | U58: =SUM(U59,U60,AF64,U61,U62) -> 751
B59: Progimnazijų bibliotekos (eil. 23a+24a) | M59: 22a | N59: =SUM(N64) -> 160 | O59: =SUM(O64,O70) -> 1616216 | P59: =SUM(P64,P70) -> 88969 | Q59: =SUM(Q64,Q70) -> 821546 | R59: =SUM(R64,R70) -> 1051514 | S59: =SUM(S64,S70) -> 226 | T59: =SUM(T64,T70) -> 159 | U59: =SUM(U64,U70) -> 159
B60: Gimnazijų bibliotekos (eil. 23b+24a+25a) | M60: 22b | N60: =SUM(N65,N71,N75) -> 364 | O60: =SUM(O65,O71,O75) -> 4430842 | P60: =SUM(P65,P71,P75) -> 146673 | Q60: =SUM(Q65,Q71,Q75) -> 1536470 | R60: =SUM(R65,R71,R75) -> 2060031 | S60: =SUM(S65,S71,S75) -> 524 | T60: =SUM(T65,T71,T75) -> 362 | U60: =SUM(U65,U71,U75) -> 362
B61: Pagrindinių mokyklų bibliotekos (eil. 23c+24b) | M61: 22c | N61: =SUM(N67,N72) -> 176 | O61: =SUM(O67,O72) -> 1568998 | P61: =SUM(P67,P72) -> 42258 | Q61: =SUM(Q67,Q72) -> 397596 | R61: =SUM(R67,R72) -> 489603 | S61: =SUM(S67,S72) -> 207 | T61: =SUM(T67,T72) -> 165 | U61: =SUM(U67,U72) -> 165
B62: Pradinių mokyklų bibliotekos (eil. 23d) | M62: 22d | N62: =SUM(N68) -> 74 | O62: =SUM(O68,O73) -> 258581 | P62: =SUM(P68,P73) -> 15872 | Q62: =SUM(Q68,Q73) -> 149065 | R62: =SUM(R68,R73) -> 153835 | S62: =SUM(S68,S73) -> 80 | T62: =SUM(T68,T73) -> 65 | U62: =SUM(U68,U73) -> 65
B63: Savivaldybių bendrojo lavinimo mokyklų bibliotekos (iš viso) (eil.23a+23b+23c+23d) | M63: 23 | N63: =SUM(N64,N65,N67,N68) -> 741 | O63: =SUM(O64,O65,O67,O68) -> 7374357 | P63: =SUM(P64,P65,P67,P68) -> 278752 | Q63: =SUM(Q64,Q65,Q67,Q68) -> 2669885 | R63: =SUM(R64,R65,R67,R68) -> 3581078 | S63: =SUM(S64,S65,S67,S68) -> 990 | T63: =SUM(T64,T65,T67,T68) -> 719 | U63: =SUM(U64,U65,U67,U68) -> 719
B64: Progimnazijų bibliotekos | M64: 23a | N64: 160 | O64: 1616216 | P64: 88969 | Q64: 821546 | R64: 1051514 | S64: 226 | T64: 159 | U64: 159
B65: Gimnazijų bibliotekos | M65: 23b | N65: 334 | O65: 3942265 | P65: 131903 | Q65: 1303298 | R65: 1886834 | S65: 479 | T65: 333 | U65: 333
B67: Pagrindinių mokyklų bibliotekos | M67: 23c | N67: 173 | O67: 1557295 | P67: 42008 | Q67: 395976 | R67: 488895 | S67: 205 | T67: 162 | U67: 162
B68: Pradinių mokyklų bibliotekos | M68: 23d | N68: 74 | O68: 258581 | P68: 15872 | Q68: 149065 | R68: 153835 | S68: 80 | T68: 65 | U68: 65
B69: Valstybinių bendrojo lavinimo mokyklų bibliotekos (iš viso) (eil.24a+24b+24c) | M69: 24 | N69: =SUM(N71,N72) -> 24 | O69: =SUM(O71,O72) -> 435659 | P69: =SUM(P71,P72) -> 8263 | Q69: =SUM(Q71,Q72) -> 186547 | R69: =SUM(R71,R72) -> 114835 | S69: =SUM(S71,S72) -> 34 | T69: =SUM(T71,T72) -> 23 | U69: =SUM(U71,U72) -> 23
B70: Progimnazijų bibliotekos | M70: 24a | N70: 0 | O70: 0 | P70: 0 | Q70: 0 | R70: 0 | S70: 0 | T70: 0 | U70: 0
B71: Gimnazijų bibliotekos | M71: 24a | N71: 21 | O71: 423956 | P71: 8013 | Q71: 184927 | R71: 114127 | S71: 32 | T71: 20 | U71: 20
B72: Pagrindinių mokyklų bibliotekos | M72: 24b | N72: 3 | O72: 11703 | P72: 250 | Q72: 1620 | R72: 708 | S72: 2 | T72: 3 | U72: 3
B73: Pradinių mokyklų bibliotekos | M73: 24e | N73: 0 | O73: 0 | P73: 0 | Q73: 0 | R73: 0 | S73: 0 | T73: 0 | U73: 0
B74: Nevalstybinių bendrojo ugdymo mokyklų bibliotekos (iš viso) (eil.25a) | M74: 25 | N74: =SUM(N75) -> 9 | O74: =SUM(O75,O76) -> 64621 | P74: =SUM(P75,P76) -> 6757 | Q74: =SUM(Q75,Q76) -> 48245 | R74: =SUM(R75,R76) -> 59070 | S74: =SUM(S75,S76) -> 13 | T74: =SUM(T75,T76) -> 9 | U74: =SUM(U75,U76) -> 9
B75: Gimnazijų bibliotekos | M75: 25a | N75: 9 | O75: 64621 | P75: 6757 | Q75: 48245 | R75: 59070 | S75: 13 | T75: 9 | U75: 9
B76: Vidurinių mokyklų bibliotekos | M76: 25b | N76: 0 | O76: 0 | P76: 0 | Q76: 0 | R76: 0 | S76: 0 | T76: 0 | U76: 0
B77: Neformaliojo vaikų švietimo (muzikos, dailės, menos) mokyklų bibliotekos | M77: 26 | N77: 56 | O77: 376239 | P77: 10535 | Q77: 65822 | R77: 79748 | S77: 41 | T77: 38 | U77: 38
B78: Pedagogų švietimo centrų bibliotekos | M78: 27 | N78: 5 | O78: 18759 | P78: 294 | Q78: 5888 | R78: 1516 | S78: 2 | T78: 4 | U78: 4
B79: Švietimo pagalbos tarnybų bibliotekos | M79: 28 | N79: 3 | O79: 6308 | P79: 154 | Q79: 940 | R79: 1469 | S79: 2 | T79: 2 | U79: 2
B80: Vaikų globos namų bibliotekos | M80: 29 | N80: 1 | O80: 5086 | P80: 61 | Q80: 548 | R80: 375 | S80: 0 | T80: 0 | U80: 0
B81: Iš viso šalyje 2022 m. (eil. 15+16) | M81: 30 | N81: =SUM(N38,N46) -> 2152 | O81: =SUM(O38,O46) -> 47351871 | P81: =SUM(P38,P46) -> 945892 | Q81: =SUM(Q38,Q46) -> 15775310 | R81: =SUM(R38,R46) -> 17253310 | S81: =SUM(S38,S46) -> 4772 | T81: =SUM(T38,T46) -> 2102 | U81: =SUM(U38,U46) -> 2102
B82: Generalinis direktorius | R82: Vytautas Gudaitis

Sheet LNB_LAB_AVB
B2: LIETUVOS NACIONALINĖ, LIETUVOS AKLŲJŲ,
B3: APSKRIČIŲ VIEŠOSIOS BIBLIOTEKOS
I4: 2022 METAI
B5: PAGRINDINIAI RODIKLIAI
C7: Bibliotekų skaičius | D7: Dokumentų fondas iš viso (fiz.vnt.) | E7: Vartotojų skaičius | F7: Dokumentų išduotis (fiz.vnt.) | G7: Lankytojų (apsilankymų) skaičius | H7: Profesionalių bibliotekininkų skaičius | I7: Bibliotekų, turinčių kompiuterius, skaičius
I9: iš viso | J9: su interneto prieiga
B11: 1 | C11: 2 | D11: 3 | E11: 4 | F11: 5 | G11: 6 | H11: 7 | I11: 8 | J11: 9
B12: Lietuvos nacionalinė | C12: 1 | D12: 6471869 | E12: 16312 | F12: 558526 | G12: 3403376 | H12: 224 | I12: 1 | J12: 1
B13: 2021 m. | C13: 1 | D13: 6461041 | E13: 13575 | F13: 409834 | G13: 161739 | H13: 217 | I13: 1 | J13: 1
B14: Skirtumas (+, -) | C14: =SUM(C12-C13) -> 0 | D14: =D12-D13 -> 10828 | E14: =E12-E13 -> 2737 | F14: =SUM(F12-F13) -> 148692 | G14: =SUM(G12-G13) -> 3241637 | H14: =SUM(H12-H13) -> 7 | I14: =SUM(I12-I13) -> 0 | J14: =SUM(J12-J13) -> 0
B15: Lietuvos audiosensorinė (aklųjų) | C15: 1 | D15: 238374 | E15: 7773 | F15: 100268 | G15: 15753 | H15: 48 | I15: 1 | J15: 1
B16: 2021 m. | C16: 1 | D16: 242842 | E16: 3910 | F16: 87495 | G16: 14586 | H16: 46 | I16: 1 | J16: 1
B17: Skirtumas (+, -) | C17: =SUM(C15-C16) -> 0 | D17: =SUM(D15-D16) -> -4468 | E17: =SUM(E15-E16) -> 3863 | F17: =SUM(F15-F16) -> 12773 | G17: =SUM(G15-G16) -> 1167 | H17: =SUM(H15-H16) -> 2 | I17: =SUM(I15-I16) -> 0 | J17: =SUM(J15-J16) -> 0
B18: Kauno apskrities viešoji | C18: 1 | D18: 1719759 | E18: 7584 | F18: 214117 | G18: 107788 | H18: 137 | I18: 1 | J18: 1
B19: Klaipėdos apskrities viešoji | C19: 1 | D19: 914140 | E19: 8056 | F19: 173673 | G19: 178624 | H19: 71 | I19: 1 | J19: 1
B20: Panevėžio apskrities viešoji | C20: 1 | D20: 455681 | E20: 6700 | F20: 184538 | G20: 102154 | H20: 72 | I20: 1 | J20: 1
B21: Šiaulių apskrities viešoji | C21: 1 | D21: 482161 | E21: 6056 | F21: 112953 | G21: 93396 | H21: 44 | I21: 1 | J21: 1
B22: Vilniaus apskrities viešoji | C22: 1 | D22: 408118 | E22: 12224 | F22: 276126 | G22: 211558 | H22: 62 | I22: 1 | J22: 1
B23: Iš viso (AVB) | C23: =SUM(C18:C22) -> 5 | D23: =SUM(D18:D22) -> 3979859 | E23: =SUM(E18:E22) -> 40620 | F23: =SUM(F18:F22) -> 961407 | G23: =SUM(G18:G22) -> 693520 | H23: =SUM(H18:H22) -> 386 | I23: =SUM(I18:I22) -> 5 | J23: =SUM(J18:J22) -> 5
B24: 2021 m. | C24: 5 | D24: 4063630 | E24: 39524 | F24: 720566 | G24: 535360 | H24: 391 | I24: 5 | J24: 5
B25: Skirtumas (+, -) | C25: =SUM(C23-C24) -> 0 | D25: =SUM(D23-D24) -> -83771 | E25: =SUM(E23-E24) -> 1096 | F25: =SUM(F23-F24) -> 240841 | G25: =SUM(G23-G24) -> 158160 | H25: =SUM(H23-H24) -> -5 | I25: =SUM(I23-I24) -> 0 | J25: =SUM(J23-J24) -> 0

Sheet SAVIVALDYBIŲ VIEŠOSIOS
C3: SAVIVALDYBIŲ VIEŠOSIOS BIBLIOTEKOS
C5: PAGRINDINIAI RODIKLIAI
C7: 2022 METAI
B9: Apskritys, savivaldybės | C9: Bibliotekų filialų skaičius | D9: Dokumentų fondas iš viso (fiz.vnt.) | E9: Vartotojų skaičius | F9: Dokumentų išduotis (fiz.vnt.) | G9: Lankytojų (apsilankymų) skaičius | H9: Profesionalių bibliotekininkų skaičius | I9: Bibliotekų, turinčių kompiuterius, skaičius
I11: iš viso | J11: su internetu
B12: 1 | C12: 2 | D12: 3 | E12: 4 | F12: 5 | G12: 6 | H12: 7 | I12: 8 | J12: 9
B13: Alytaus apskr.
B14: Alytaus m. | C14: =SUM(VIEŠOSIOS!C13, MIESTŲ_FIL!C13, KAIMO_FIL!C14) -> 4 | D14: =SUM(VIEŠOSIOS!D13, MIESTŲ_FIL!D13, KAIMO_FIL!D14) -> 150194 | E14: =SUM(VIEŠOSIOS!E13, MIESTŲ_FIL!E13, KAIMO_FIL!E14) -> 4600 | F14: =SUM(VIEŠOSIOS!F13, MIESTŲ_FIL!F13, KAIMO_FIL!F14) -> 142145 | G14: =SUM(VIEŠOSIOS!G13, MIESTŲ_FIL!G13, KAIMO_FIL!G14) -> 89497 | H14: =SUM(VIEŠOSIOS!H13, MIESTŲ_FIL!H13, KAIMO_FIL!H14) -> 25 | I14: =SUM(VIEŠOSIOS!I13, MIESTŲ_FIL!I13, KAIMO_FIL!I14) -> 4 | J14: =SUM(VIEŠOSIOS!J13, MIESTŲ_FIL!J13, KAIMO_FIL!J14) -> 4
B15: Alytaus r. | C15: =SUM(VIEŠOSIOS!C14, MIESTŲ_FIL!C14, KAIMO_FIL!C15) -> 34 | D15: =SUM(VIEŠOSIOS!D14, MIESTŲ_FIL!D14, KAIMO_FIL!D15) -> 299628 | E15: =SUM(VIEŠOSIOS!E14, MIESTŲ_FIL!E14, KAIMO_FIL!E15) -> 5284 | F15: =SUM(VIEŠOSIOS!F14, MIESTŲ_FIL!F14, KAIMO_FIL!F15) -> 142282 | G15: =SUM(VIEŠOSIOS!G14, MIESTŲ_FIL!G14, KAIMO_FIL!G15) -> 79122 | H15: =SUM(VIEŠOSIOS!H14, MIESTŲ_FIL!H14, KAIMO_FIL!H15) -> 43 | I15: =SUM(VIEŠOSIOS!I14, MIESTŲ_FIL!I14, KAIMO_FIL!I15) -> 34 | J15: =SUM(VIEŠOSIOS!J14, MIESTŲ_FIL!J14, KAIMO_FIL!J15) -> 34
B16: Druskininkų sav. | C16: =SUM(VIEŠOSIOS!C15, MIESTŲ_FIL!C15, KAIMO_FIL!C16) -> 4 | D16: =SUM(VIEŠOSIOS!D15, MIESTŲ_FIL!D15, KAIMO_FIL!D16) -> 166115 | E16: =SUM(VIEŠOSIOS!E15, MIESTŲ_FIL!E15, KAIMO_FIL!E16) -> 5734 | F16: =SUM(VIEŠOSIOS!F15, MIESTŲ_FIL!F15, KAIMO_FIL!F16) -> 112492 | G16: =SUM(VIEŠOSIOS!G15, MIESTŲ_FIL!G15, KAIMO_FIL!G16) -> 81115 | H16: =SUM(VIEŠOSIOS!H15, MIESTŲ_FIL!H15, KAIMO_FIL!H16) -> 19 | I16: =SUM(VIEŠOSIOS!I15, MIESTŲ_FIL!I15, KAIMO_FIL!I16) -> 4 | J16: =SUM(VIEŠOSIOS!J15, MIESTŲ_FIL!J15, KAIMO_FIL!J16) -> 4
B17: Lazdijų r. | C17: =SUM(VIEŠOSIOS!C16, MIESTŲ_FIL!C16, KAIMO_FIL!C17) -> 22 | D17: =SUM(VIEŠOSIOS!D16, MIESTŲ_FIL!D16, KAIMO_FIL!D17) -> 155891 | E17: =SUM(VIEŠOSIOS!E16, MIESTŲ_FIL!E16, KAIMO_FIL!E17) -> 4736 | F17: =SUM(VIEŠOSIOS!F16, MIESTŲ_FIL!F16, KAIMO_FIL!F17) -> 87473 | G17: =SUM(VIEŠOSIOS!G16, MIESTŲ_FIL!G16, KAIMO_FIL!G17) -> 127982 | H17: =SUM(VIEŠOSIOS!H16, MIESTŲ_FIL!H16, KAIMO_FIL!H17) -> 30 | I17: =SUM(VIEŠOSIOS!I16, MIESTŲ_FIL!I16, KAIMO_FIL!I17) -> 22 | J17: =SUM(VIEŠOSIOS!J16, MIESTŲ_FIL!J16, KAIMO_FIL!J17) -> 22
B18: Varėnos r. | C18: =SUM(VIEŠOSIOS!C17, KAIMO_FIL!C18) -> 20 | D18: =SUM(VIEŠOSIOS!D17, KAIMO_FIL!D18) -> 141992 | E18: =SUM(VIEŠOSIOS!E17, KAIMO_FIL!E18) -> 4250 | F18: =SUM(VIEŠOSIOS!F17, KAIMO_FIL!F18) -> 113636 | G18: =SUM(VIEŠOSIOS!G17, KAIMO_FIL!G18) -> 85780 | H18: =SUM(VIEŠOSIOS!H17, KAIMO_FIL!H18) -> 41 | I18: =SUM(VIEŠOSIOS!I17, KAIMO_FIL!I18) -> 20 | J18: =SUM(VIEŠOSIOS!J17, KAIMO_FIL!J18) -> 20
B19: Iš viso | C19: =SUM(C14:C18) -> 84 | D19: =SUM(D14:D18) -> 913820 | E19: =SUM(E14:E18) -> 24604 | F19: =SUM(F14:F18) -> 598028 | G19: =SUM(G14:G18) -> 463496 | H19: =SUM(H14:H18) -> 158 | I19: =SUM(I14:I18) -> 84 | J19: =SUM(J14:J18) -> 84
B20: Kauno apskr.
B21: Birštono sav. | C21: =SUM(VIEŠOSIOS!C20, MIESTŲ_FIL!C19, KAIMO_FIL!C21) -> 4 | D21: =SUM(VIEŠOSIOS!D20, MIESTŲ_FIL!D19, KAIMO_FIL!D21) -> 72470 | E21: =SUM(VIEŠOSIOS!E20, MIESTŲ_FIL!E19, KAIMO_FIL!E21) -> 1786 | F21: =SUM(VIEŠOSIOS!F20, MIESTŲ_FIL!F19, KAIMO_FIL!F21) -> 34233 | G21: =SUM(VIEŠOSIOS!G20, MIESTŲ_FIL!G19, KAIMO_FIL!G21) -> 30766 | H21: =SUM(VIEŠOSIOS!H20, MIESTŲ_FIL!H19, KAIMO_FIL!H21) -> 13 | I21: =SUM(VIEŠOSIOS!I20, MIESTŲ_FIL!I19, KAIMO_FIL!I21) -> 4 | J21: =SUM(VIEŠOSIOS!J20, MIESTŲ_FIL!J19, KAIMO_FIL!J21) -> 4
B22: Jonavos r. | C22: =SUM(VIEŠOSIOS!C21, MIESTŲ_FIL!C20, KAIMO_FIL!C22) -> 17 | D22: =SUM(VIEŠOSIOS!D21, MIESTŲ_FIL!D20, KAIMO_FIL!D22) -> 169445 | E22: =SUM(VIEŠOSIOS!E21, MIESTŲ_FIL!E20, KAIMO_FIL!E22) -> 9442 | F22: =SUM(VIEŠOSIOS!F21, MIESTŲ_FIL!F20, KAIMO_FIL!F22) -> 223811 | G22: =SUM(VIEŠOSIOS!G21, MIESTŲ_FIL!G20, KAIMO_FIL!G22) -> 127200 | H22: =SUM(VIEŠOSIOS!H21, MIESTŲ_FIL!H20, KAIMO_FIL!H22) -> 39 | I22: =SUM(VIEŠOSIOS!I21, MIESTŲ_FIL!I20, KAIMO_FIL!I22) -> 17 | J22: =SUM(VIEŠOSIOS!J21, MIESTŲ_FIL!J20, KAIMO_FIL!J22) -> 17
B23: Kaišiadorių r. | C23: =SUM(VIEŠOSIOS!C22, MIESTŲ_FIL!C21, KAIMO_FIL!C23) -> 24 | D23: =SUM(VIEŠOSIOS!D22, MIESTŲ_FIL!D21, KAIMO_FIL!D23) -> 165419 | E23: =SUM(VIEŠOSIOS!E22, MIESTŲ_FIL!E21, KAIMO_FIL!E23) -> 5367 | F23: =SUM(VIEŠOSIOS!F22, MIESTŲ_FIL!F21, KAIMO_FIL!F23) -> 80898 | G23: =SUM(VIEŠOSIOS!G22, MIESTŲ_FIL!G21, KAIMO_FIL!G23) -> 69371 | H23: =SUM(VIEŠOSIOS!H22, MIESTŲ_FIL!H21, KAIMO_FIL!H23) -> 38 | I23: =SUM(VIEŠOSIOS!I22, MIESTŲ_FIL!I21, KAIMO_FIL!I23) -> 24 | J23: =SUM(VIEŠOSIOS!J22, MIESTŲ_FIL!J21, KAIMO_FIL!J23) -> 24
B24: Kauno m. | C24: =SUM(VIEŠOSIOS!C23, MIESTŲ_FIL!C22, KAIMO_FIL!C24) -> 19 | D24: =SUM(VIEŠOSIOS!D23, MIESTŲ_FIL!D22, KAIMO_FIL!D24) -> 304908 | E24: =SUM(VIEŠOSIOS!E23, MIESTŲ_FIL!E22, KAIMO_FIL!E24) -> 26286 | F24: =SUM(VIEŠOSIOS!F23, MIESTŲ_FIL!F22, KAIMO_FIL!F24) -> 694357 | G24: =SUM(VIEŠOSIOS!G23, MIESTŲ_FIL!G22, KAIMO_FIL!G24) -> 503467 | H24: =SUM(VIEŠOSIOS!H23, MIESTŲ_FIL!H22, KAIMO_FIL!H24) -> 79 | I24: =SUM(VIEŠOSIOS!I23, MIESTŲ_FIL!I22, KAIMO_FIL!I24) -> 19 | J24: =SUM(VIEŠOSIOS!J23, MIESTŲ_FIL!J22, KAIMO_FIL!J24) -> 19
B25: Kauno r. | C25: =SUM(VIEŠOSIOS!C24, MIESTŲ_FIL!C23, KAIMO_FIL!C25) -> 31 | D25: =SUM(VIEŠOSIOS!D24, MIESTŲ_FIL!D23, KAIMO_FIL!D25) -> 263787 | E25: =SUM(VIEŠOSIOS!E24, MIESTŲ_FIL!E23, KAIMO_FIL!E25) -> 12742 | F25: =SUM(VIEŠOSIOS!F24, MIESTŲ_FIL!F23, KAIMO_FIL!F25) -> 245772 | G25: =SUM(VIEŠOSIOS!G24, MIESTŲ_FIL!G23, KAIMO_FIL!G25) -> 212909 | H25: =SUM(VIEŠOSIOS!H24, MIESTŲ_FIL!H23, KAIMO_FIL!H25) -> 52 | I25: =SUM(VIEŠOSIOS!I24, MIESTŲ_FIL!I23, KAIMO_FIL!I25) -> 31 | J25: =SUM(VIEŠOSIOS!J24, MIESTŲ_FIL!J23, KAIMO_FIL!J25) -> 31
B26: Kėdainių r. | C26: =SUM(VIEŠOSIOS!C25, MIESTŲ_FIL!C24, KAIMO_FIL!C26) -> 40 | D26: =SUM(VIEŠOSIOS!D25, MIESTŲ_FIL!D24, KAIMO_FIL!D26) -> 324187 | E26: =SUM(VIEŠOSIOS!E25, MIESTŲ_FIL!E24, KAIMO_FIL!E26) -> 11353 | F26: =SUM(VIEŠOSIOS!F25, MIESTŲ_FIL!F24, KAIMO_FIL!F26) -> 368562 | G26: =SUM(VIEŠOSIOS!G25, MIESTŲ_FIL!G24, KAIMO_FIL!G26) -> 187164 | H26: =SUM(VIEŠOSIOS!H25, MIESTŲ_FIL!H24, KAIMO_FIL!H26) -> 62 | I26: =SUM(VIEŠOSIOS!I25, MIESTŲ_FIL!I24, KAIMO_FIL!I26) -> 40 | J26: =SUM(VIEŠOSIOS!J25, MIESTŲ_FIL!J24, KAIMO_FIL!J26) -> 40
B27: Prienų r. | C27: =SUM(VIEŠOSIOS!C26, MIESTŲ_FIL!C25, KAIMO_FIL!C27) -> 19 | D27: =SUM(VIEŠOSIOS!D26, MIESTŲ_FIL!D25, KAIMO_FIL!D27) -> 150060 | E27: =SUM(VIEŠOSIOS!E26, MIESTŲ_FIL!E25, KAIMO_FIL!E27) -> 7670 | F27: =SUM(VIEŠOSIOS!F26, MIESTŲ_FIL!F25, KAIMO_FIL!F27) -> 101107 | G27: =SUM(VIEŠOSIOS!G26, MIESTŲ_FIL!G25, KAIMO_FIL!G27) -> 58315 | H27: =SUM(VIEŠOSIOS!H26, MIESTŲ_FIL!H25, KAIMO_FIL!H27) -> 40 | I27: =SUM(VIEŠOSIOS!I26, MIESTŲ_FIL!I25, KAIMO_FIL!I27) -> 19 | J27: =SUM(VIEŠOSIOS!J26, MIESTŲ_FIL!J25, KAIMO_FIL!J27) -> 19
B28: Raseinių r. | C28: =SUM(VIEŠOSIOS!C27, MIESTŲ_FIL!C26, KAIMO_FIL!C28) -> 24 | D28: =SUM(VIEŠOSIOS!D27, MIESTŲ_FIL!D26, KAIMO_FIL!D28) -> 190156 | E28: =SUM(VIEŠOSIOS!E27, MIESTŲ_FIL!E26, KAIMO_FIL!E28) -> 6494 | F28: =SUM(VIEŠOSIOS!F27, MIESTŲ_FIL!F26, KAIMO_FIL!F28) -> 165083 | G28: =SUM(VIEŠOSIOS!G27, MIESTŲ_FIL!G26, KAIMO_FIL!G28) -> 100667 | H28: =SUM(VIEŠOSIOS!H27, MIESTŲ_FIL!H26, KAIMO_FIL!H28) -> 40 | I28: =SUM(VIEŠOSIOS!I27, MIESTŲ_FIL!I26, KAIMO_FIL!I28) -> 24 | J28: =SUM(VIEŠOSIOS!J27, MIESTŲ_FIL!J26, KAIMO_FIL!J28) -> 24
B29: Iš viso | C29: =SUM(C21:C28) -> 178 | D29: =SUM(D21:D28) -> 1640432 | E29: =SUM(E21:E28) -> 81140 | F29: =SUM(F21:F28) -> 1913823 | G29: =SUM(G21:G28) -> 1289859 | H29: =SUM(H21:H28) -> 363 | I29: =SUM(I21:I28) -> 178 | J29: =SUM(J21:J28) -> 178
B30: Klaipėdos apskr.
B31: Klaipėdos m. | C31: =SUM(VIEŠOSIOS!C30, MIESTŲ_FIL!C29, KAIMO_FIL!C31, VAIKŲ_FIL!C15) -> 12 | D31: =SUM(VIEŠOSIOS!D30, MIESTŲ_FIL!D29, KAIMO_FIL!D31, VAIKŲ_FIL!D15) -> 304388 | E31: =SUM(VIEŠOSIOS!E30, MIESTŲ_FIL!E29, KAIMO_FIL!E31, VAIKŲ_FIL!E15) -> 14928 | F31: =SUM(VIEŠOSIOS!F30, MIESTŲ_FIL!F29, KAIMO_FIL!F31, VAIKŲ_FIL!F15) -> 540988 | G31: =SUM(VIEŠOSIOS!G30, MIESTŲ_FIL!G29, KAIMO_FIL!G31, VAIKŲ_FIL!G15) -> 325399 | H31: =SUM(VIEŠOSIOS!H30, MIESTŲ_FIL!H29, KAIMO_FIL!H31, VAIKŲ_FIL!H15) -> 58 | I31: =SUM(VIEŠOSIOS!I30, MIESTŲ_FIL!I29, KAIMO_FIL!I31, VAIKŲ_FIL!I15) -> 12 | J31: =SUM(VIEŠOSIOS!J30, MIESTŲ_FIL!J29, KAIMO_FIL!J31, VAIKŲ_FIL!J15) -> 12
B32: Klaipėdos r. | C32: =SUM(VIEŠOSIOS!C31, MIESTŲ_FIL!C30, KAIMO_FIL!C32) -> 24 | D32: =SUM(VIEŠOSIOS!D31, MIESTŲ_FIL!D30, KAIMO_FIL!D32) -> 227443 | E32: =SUM(VIEŠOSIOS!E31, MIESTŲ_FIL!E30, KAIMO_FIL!E32) -> 10394 | F32: =SUM(VIEŠOSIOS!F31, MIESTŲ_FIL!F30, KAIMO_FIL!F32) -> 211377 | G32: =SUM(VIEŠOSIOS!G31, MIESTŲ_FIL!G30, KAIMO_FIL!G32) -> 160905 | H32: =SUM(VIEŠOSIOS!H31, MIESTŲ_FIL!H30, KAIMO_FIL!H32) -> 47 | I32: =SUM(VIEŠOSIOS!I31, MIESTŲ_FIL!I30, KAIMO_FIL!I32) -> 24 | J32: =SUM(VIEŠOSIOS!J31, MIESTŲ_FIL!J30, KAIMO_FIL!J32) -> 24
B33: Kretingos r. | C33: =SUM(VIEŠOSIOS!C32, MIESTŲ_FIL!C31, KAIMO_FIL!C33) -> 20 | D33: =SUM(VIEŠOSIOS!D32, MIESTŲ_FIL!D31, KAIMO_FIL!D33) -> 208202 | E33: =SUM(VIEŠOSIOS!E32, MIESTŲ_FIL!E31, KAIMO_FIL!E33) -> 5647 | F33: =SUM(VIEŠOSIOS!F32, MIESTŲ_FIL!F31, KAIMO_FIL!F33) -> 143169 | G33: =SUM(VIEŠOSIOS!G32, MIESTŲ_FIL!G31, KAIMO_FIL!G33) -> 185719 | H33: =SUM(VIEŠOSIOS!H32, MIESTŲ_FIL!H31, KAIMO_FIL!H33) -> 42 | I33: =SUM(VIEŠOSIOS!I32, MIESTŲ_FIL!I31, KAIMO_FIL!I33) -> 20 | J33: =SUM(VIEŠOSIOS!J32, MIESTŲ_FIL!J31, KAIMO_FIL!J33) -> 20
B34: Neringos sav. | C34: =SUM(VIEŠOSIOS!C33, MIESTŲ_FIL!C32, KAIMO_FIL!C34) -> 3 | D34: =SUM(VIEŠOSIOS!D33, MIESTŲ_FIL!D32, KAIMO_FIL!D34) -> 89961 | E34: =SUM(VIEŠOSIOS!E33, MIESTŲ_FIL!E32, KAIMO_FIL!E34) -> 1407 | F34: =SUM(VIEŠOSIOS!F33, MIESTŲ_FIL!F32, KAIMO_FIL!F34) -> 19748 | G34: =SUM(VIEŠOSIOS!G33, MIESTŲ_FIL!G32, KAIMO_FIL!G34) -> 16085 | H34: =SUM(VIEŠOSIOS!H33, MIESTŲ_FIL!H32, KAIMO_FIL!H34) -> 9 | I34: =SUM(VIEŠOSIOS!I33, MIESTŲ_FIL!I32, KAIMO_FIL!I34) -> 3 | J34: =SUM(VIEŠOSIOS!J33, MIESTŲ_FIL!J32, KAIMO_FIL!J34) -> 3
B35: Palangos m. sav. | C35: =SUM(VIEŠOSIOS!C34, KAIMO_FIL!C35) -> 1 | D35: =SUM(VIEŠOSIOS!D34, KAIMO_FIL!D35) -> 74051 | E35: =SUM(VIEŠOSIOS!E34, KAIMO_FIL!E35) -> 4968 | F35: =SUM(VIEŠOSIOS!F34, KAIMO_FIL!F35) -> 124450 | G35: =SUM(VIEŠOSIOS!G34, KAIMO_FIL!G35) -> 70282 | H35: =SUM(VIEŠOSIOS!H34, KAIMO_FIL!H35) -> 22 | I35: =SUM(VIEŠOSIOS!I34, KAIMO_FIL!I35) -> 1 | J35: =SUM(VIEŠOSIOS!J34, KAIMO_FIL!J35) -> 1
B36: Skuodo r. | C36: =SUM(VIEŠOSIOS!C35, MIESTŲ_FIL!C33, KAIMO_FIL!C36) -> 15 | D36: =SUM(VIEŠOSIOS!D35, MIESTŲ_FIL!D33, KAIMO_FIL!D36) -> 148686 | E36: =SUM(VIEŠOSIOS!E35, MIESTŲ_FIL!E33, KAIMO_FIL!E36) -> 2197 | F36: =SUM(VIEŠOSIOS!F35, MIESTŲ_FIL!F33, KAIMO_FIL!F36) -> 105581 | G36: =SUM(VIEŠOSIOS!G35, MIESTŲ_FIL!G33, KAIMO_FIL!G36) -> 54478 | H36: =SUM(VIEŠOSIOS!H35, MIESTŲ_FIL!H33, KAIMO_FIL!H36) -> 32 | I36: =SUM(VIEŠOSIOS!I35, MIESTŲ_FIL!I33, KAIMO_FIL!I36) -> 15 | J36: =SUM(VIEŠOSIOS!J35, MIESTŲ_FIL!J33, KAIMO_FIL!J36) -> 15
B37: Šilutės r. | C37: =SUM(VIEŠOSIOS!C36, KAIMO_FIL!C37) -> 22 | D37: =SUM(VIEŠOSIOS!D36, KAIMO_FIL!D37) -> 239468 | E37: =SUM(VIEŠOSIOS!E36, KAIMO_FIL!E37) -> 5902 | F37: =SUM(VIEŠOSIOS!F36, KAIMO_FIL!F37) -> 154130 | G37: =SUM(VIEŠOSIOS!G36, KAIMO_FIL!G37) -> 147341 | H37: =SUM(VIEŠOSIOS!H36, KAIMO_FIL!H37) -> 55 | I37: =SUM(VIEŠOSIOS!I36, KAIMO_FIL!I37) -> 22 | J37: =SUM(VIEŠOSIOS!J36, KAIMO_FIL!J37) -> 22
B38: Iš viso | C38: =SUM(C31:C37) -> 97 | D38: =SUM(D31:D37) -> 1292199 | E38: =SUM(E31:E37) -> 45443 | F38: =SUM(F31:F37) -> 1299443 | G38: =SUM(G31:G37) -> 960209 | H38: =SUM(H31:H37) -> 265 | I38: =SUM(I31:I37) -> 97 | J38: =SUM(J31:J37) -> 97
B39: Marijampolės apskr.
B40: Kalvarijos sav. | C40: =SUM(VIEŠOSIOS!C39, KAIMO_FIL!C40) -> 11 | D40: =SUM(VIEŠOSIOS!D39, KAIMO_FIL!D40) -> 79340 | E40: =SUM(VIEŠOSIOS!E39, KAIMO_FIL!E40) -> 3613 | F40: =SUM(VIEŠOSIOS!F39, KAIMO_FIL!F40) -> 92140 | G40: =SUM(VIEŠOSIOS!G39, KAIMO_FIL!G40) -> 73253 | H40: =SUM(VIEŠOSIOS!H39, KAIMO_FIL!H40) -> 19 | I40: =SUM(VIEŠOSIOS!I39, KAIMO_FIL!I40) -> 11 | J40: =SUM(VIEŠOSIOS!J39, KAIMO_FIL!J40) -> 11
B41: Kazlų Rūdos sav. | C41: =SUM(VIEŠOSIOS!C40, KAIMO_FIL!C41) -> 11 | D41: =SUM(VIEŠOSIOS!D40, KAIMO_FIL!D41) -> 76467 | E41: =SUM(VIEŠOSIOS!E40, KAIMO_FIL!E41) -> 2535 | F41: =SUM(VIEŠOSIOS!F40, KAIMO_FIL!F41) -> 47872 | G41: =SUM(VIEŠOSIOS!G40, KAIMO_FIL!G41) -> 34600 | H41: =SUM(VIEŠOSIOS!H40, KAIMO_FIL!H41) -> 18 | I41: =SUM(VIEŠOSIOS!I40, KAIMO_FIL!I41) -> 11 | J41: =SUM(VIEŠOSIOS!J40, KAIMO_FIL!J41) -> 11
B42: Marijampolės sav. | C42: =SUM(VIEŠOSIOS!C41, MIESTŲ_FIL!C36, KAIMO_FIL!C42) -> 23 | D42: =SUM(VIEŠOSIOS!D41, MIESTŲ_FIL!D36, KAIMO_FIL!D42) -> 178322 | E42: =SUM(VIEŠOSIOS!E41, MIESTŲ_FIL!E36, KAIMO_FIL!E42) -> 8568 | F42: =SUM(VIEŠOSIOS!F41, MIESTŲ_FIL!F36, KAIMO_FIL!F42) -> 192928 | G42: =SUM(VIEŠOSIOS!G41, MIESTŲ_FIL!G36, KAIMO_FIL!G42) -> 164976 | H42: =SUM(VIEŠOSIOS!H41, MIESTŲ_FIL!H36, KAIMO_FIL!H42) -> 45 | I42: =SUM(VIEŠOSIOS!I41, MIESTŲ_FIL!I36, KAIMO_FIL!I42) -> 23 | J42: =SUM(VIEŠOSIOS!J41, MIESTŲ_FIL!J36, KAIMO_FIL!J42) -> 23
B43: Šakių r. | C43: =SUM(VIEŠOSIOS!C42, MIESTŲ_FIL!C37, KAIMO_FIL!C43) -> 18 | D43: =SUM(VIEŠOSIOS!D42, MIESTŲ_FIL!D37, KAIMO_FIL!D43) -> 163590 | E43: =SUM(VIEŠOSIOS!E42, MIESTŲ_FIL!E37, KAIMO_FIL!E43) -> 7860 | F43: =SUM(VIEŠOSIOS!F42, MIESTŲ_FIL!F37, KAIMO_FIL!F43) -> 100752 | G43: =SUM(VIEŠOSIOS!G42, MIESTŲ_FIL!G37, KAIMO_FIL!G43) -> 89046 | H43: =SUM(VIEŠOSIOS!H42, MIESTŲ_FIL!H37, KAIMO_FIL!H43) -> 31 | I43: =SUM(VIEŠOSIOS!I42, MIESTŲ_FIL!I37, KAIMO_FIL!I43) -> 18 | J43: =SUM(VIEŠOSIOS!J42, MIESTŲ_FIL!J37, KAIMO_FIL!J43) -> 18
B44: Vilkaviškio r. | C44: =SUM(VIEŠOSIOS!C43, MIESTŲ_FIL!C38, KAIMO_FIL!C44) -> 26 | D44: =SUM(VIEŠOSIOS!D43, MIESTŲ_FIL!D38, KAIMO_FIL!D44) -> 233580 | E44: =SUM(VIEŠOSIOS!E43, MIESTŲ_FIL!E38, KAIMO_FIL!E44) -> 7298 | F44: =SUM(VIEŠOSIOS!F43, MIESTŲ_FIL!F38, KAIMO_FIL!F44) -> 132975 | G44: =SUM(VIEŠOSIOS!G43, MIESTŲ_FIL!G38, KAIMO_FIL!G44) -> 97290 | H44: =SUM(VIEŠOSIOS!H43, MIESTŲ_FIL!H38, KAIMO_FIL!H44) -> 48 | I44: =SUM(VIEŠOSIOS!I43, MIESTŲ_FIL!I38, KAIMO_FIL!I44) -> 26 | J44: =SUM(VIEŠOSIOS!J43, MIESTŲ_FIL!J38, KAIMO_FIL!J44) -> 26
B45: Iš viso | C45: =SUM(C40:C44) -> 89 | D45: =SUM(D40:D44) -> 731299 | E45: =SUM(E40:E44) -> 29874 | F45: =SUM(F40:F44) -> 566667 | G45: =SUM(G40:G44) -> 459165 | H45: =SUM(H40:H44) -> 161 | I45: =SUM(I40:I44) -> 89 | J45: =SUM(J40:J44) -> 89
B46: Panevėžio apskr.
B47: Biržų r. | C47: =SUM(VIEŠOSIOS!C46, MIESTŲ_FIL!C41, KAIMO_FIL!C47) -> 21 | D47: =SUM(VIEŠOSIOS!D46, MIESTŲ_FIL!D41, KAIMO_FIL!D47) -> 166300 | E47: =SUM(VIEŠOSIOS!E46, MIESTŲ_FIL!E41, KAIMO_FIL!E47) -> 3263 | F47: =SUM(VIEŠOSIOS!F46, MIESTŲ_FIL!F41, KAIMO_FIL!F47) -> 79399 | G47: =SUM(VIEŠOSIOS!G46, MIESTŲ_FIL!G41, KAIMO_FIL!G47) -> 74080 | H47: =SUM(VIEŠOSIOS!H46, MIESTŲ_FIL!H41, KAIMO_FIL!H47) -> 42 | I47: =SUM(VIEŠOSIOS!I46, MIESTŲ_FIL!I41, KAIMO_FIL!I47) -> 21 | J47: =SUM(VIEŠOSIOS!J46, MIESTŲ_FIL!J41, KAIMO_FIL!J47) -> 21
B48: Kupiškio r. | C48: =SUM(VIEŠOSIOS!C47, MIESTŲ_FIL!C42, KAIMO_FIL!C48) -> 17 | D48: =SUM(VIEŠOSIOS!D47, MIESTŲ_FIL!D42, KAIMO_FIL!D48) -> 185550 | E48: =SUM(VIEŠOSIOS!E47, MIESTŲ_FIL!E42, KAIMO_FIL!E48) -> 3870 | F48: =SUM(VIEŠOSIOS!F47, MIESTŲ_FIL!F42, KAIMO_FIL!F48) -> 115710 | G48: =SUM(VIEŠOSIOS!G47, MIESTŲ_FIL!G42, KAIMO_FIL!G48) -> 55413 | H48: =SUM(VIEŠOSIOS!H47, MIESTŲ_FIL!H42, KAIMO_FIL!H48) -> 37 | I48: =SUM(VIEŠOSIOS!I47, MIESTŲ_FIL!I42, KAIMO_FIL!I48) -> 17 | J48: =SUM(VIEŠOSIOS!J47, MIESTŲ_FIL!J42, KAIMO_FIL!J48) -> 17
B49: Panevėžio m. | C49: =SUM(VIEŠOSIOS!C48, MIESTŲ_FIL!C43, KAIMO_FIL!C49, VAIKŲ_FIL!C18) -> 7 | D49: =SUM(VIEŠOSIOS!D48, MIESTŲ_FIL!D43, KAIMO_FIL!D49, VAIKŲ_FIL!D18) -> 126175 | E49: =SUM(VIEŠOSIOS!E48, MIESTŲ_FIL!E43, KAIMO_FIL!E49, VAIKŲ_FIL!E18) -> 9378 | F49: =SUM(VIEŠOSIOS!F48, MIESTŲ_FIL!F43, KAIMO_FIL!F49, VAIKŲ_FIL!F18) -> 225816 | G49: =SUM(VIEŠOSIOS!G48, MIESTŲ_FIL!G43, KAIMO_FIL!G49, VAIKŲ_FIL!G18) -> 146742 | H49: =SUM(VIEŠOSIOS!H48, MIESTŲ_FIL!H43, KAIMO_FIL!H49, VAIKŲ_FIL!H18) -> 40 | I49: =SUM(VIEŠOSIOS!I48, MIESTŲ_FIL!I43, KAIMO_FIL!I49, VAIKŲ_FIL!I18) -> 7 | J49: =SUM(VIEŠOSIOS!J48, MIESTŲ_FIL!J43, KAIMO_FIL!J49, VAIKŲ_FIL!J18) -> 7
B50: Panevėžio r. | C50: =SUM(VIEŠOSIOS!C49, MIESTŲ_FIL!C44, KAIMO_FIL!C50) -> 36 | D50: =SUM(VIEŠOSIOS!D49, MIESTŲ_FIL!D44, KAIMO_FIL!D50) -> 212170 | E50: =SUM(VIEŠOSIOS!E49, MIESTŲ_FIL!E44, KAIMO_FIL!E50) -> 4746 | F50: =SUM(VIEŠOSIOS!F49, MIESTŲ_FIL!F44, KAIMO_FIL!F50) -> 287244 | G50: =SUM(VIEŠOSIOS!G49, MIESTŲ_FIL!G44, KAIMO_FIL!G50) -> 87653 | H50: =SUM(VIEŠOSIOS!H49, MIESTŲ_FIL!H44, KAIMO_FIL!H50) -> 51 | I50: =SUM(VIEŠOSIOS!I49, MIESTŲ_FIL!I44, KAIMO_FIL!I50) -> 36 | J50: =SUM(VIEŠOSIOS!J49, MIESTŲ_FIL!J44, KAIMO_FIL!J50) -> 36
B51: Pasvalio r. | C51: =SUM(VIEŠOSIOS!C50, MIESTŲ_FIL!C45, KAIMO_FIL!C51) -> 33 | D51: =SUM(VIEŠOSIOS!D50, MIESTŲ_FIL!D45, KAIMO_FIL!D51) -> 248566 | E51: =SUM(VIEŠOSIOS!E50, MIESTŲ_FIL!E45, KAIMO_FIL!E51) -> 3752 | F51: =SUM(VIEŠOSIOS!F50, MIESTŲ_FIL!F45, KAIMO_FIL!F51) -> 172812 | G51: =SUM(VIEŠOSIOS!G50, MIESTŲ_FIL!G45, KAIMO_FIL!G51) -> 164012 | H51: =SUM(VIEŠOSIOS!H50, MIESTŲ_FIL!H45, KAIMO_FIL!H51) -> 50 | I51: =SUM(VIEŠOSIOS!I50, MIESTŲ_FIL!I45, KAIMO_FIL!I51) -> 33 | J51: =SUM(VIEŠOSIOS!J50, MIESTŲ_FIL!J45, KAIMO_FIL!J51) -> 33
B52: Rokiškio r. | C52: =SUM(VIEŠOSIOS!C51, MIESTŲ_FIL!C46, KAIMO_FIL!C52) -> 38 | D52: =SUM(VIEŠOSIOS!D51, MIESTŲ_FIL!D46, KAIMO_FIL!D52) -> 295770 | E52: =SUM(VIEŠOSIOS!E51, MIESTŲ_FIL!E46, KAIMO_FIL!E52) -> 9409 | F52: =SUM(VIEŠOSIOS!F51, MIESTŲ_FIL!F46, KAIMO_FIL!F52) -> 413819 | G52: =SUM(VIEŠOSIOS!G51, MIESTŲ_FIL!G46, KAIMO_FIL!G52) -> 189792 | H52: =SUM(VIEŠOSIOS!H51, MIESTŲ_FIL!H46, KAIMO_FIL!H52) -> 61 | I52: =SUM(VIEŠOSIOS!I51, MIESTŲ_FIL!I46, KAIMO_FIL!I52) -> 38 | J52: =SUM(VIEŠOSIOS!J51, MIESTŲ_FIL!J46, KAIMO_FIL!J52) -> 38
B53: Iš viso | C53: =SUM(C47:C52) -> 152 | D53: =SUM(D47:D52) -> 1234531 | E53: =SUM(E47:E52) -> 34418 | F53: =SUM(F47:F52) -> 1294800 | G53: =SUM(G47:G52) -> 717692 | H53: =SUM(H47:H52) -> 281 | I53: =SUM(I47:I52) -> 152 | J53: =SUM(J47:J52) -> 152
B69: Apskritys, savivaldybės | C69: Bibliotekų filialų skaičius | D69: Dokumentų fondas iš viso (fiz.vnt.) | E69: Vartotojų skaičius | F69: Dokumentų išduotis (fiz.vnt.) | G69: Lankytojų (apsilankymų) skaičius | H69: Profesionalių bibliotekininkų skaičius | I69: Bibliotekų, turinčių kompiuterius, skaičius
I71: iš viso | J71: su internetu
B72: 1 | C72: 2 | D72: 3 | E72: 4 | F72: 5 | G72: 6 | H72: 7 | I72: 8 | J72: 9
B73: Šiaulių apskr.
B74: Akmenės r. | C74: =SUM(VIEŠOSIOS!C73, MIESTŲ_FIL!C69, KAIMO_FIL!C68) -> 14 | D74: =SUM(VIEŠOSIOS!D73, MIESTŲ_FIL!D69, KAIMO_FIL!D68) -> 180368 | E74: =SUM(VIEŠOSIOS!E73, MIESTŲ_FIL!E69, KAIMO_FIL!E68) -> 4856 | F74: =SUM(VIEŠOSIOS!F73, MIESTŲ_FIL!F69, KAIMO_FIL!F68) -> 107992 | G74: =SUM(VIEŠOSIOS!G73, MIESTŲ_FIL!G69, KAIMO_FIL!G68) -> 40077 | H74: =SUM(VIEŠOSIOS!H73, MIESTŲ_FIL!H69, KAIMO_FIL!H68) -> 30 | I74: =SUM(VIEŠOSIOS!I73, MIESTŲ_FIL!I69, KAIMO_FIL!I68) -> 14 | J74: =SUM(VIEŠOSIOS!J73, MIESTŲ_FIL!J69, KAIMO_FIL!J68) -> 14
B75: Joniškio r. | C75: =SUM(VIEŠOSIOS!C74, MIESTŲ_FIL!C70, KAIMO_FIL!C69) -> 18 | D75: =SUM(VIEŠOSIOS!D74, MIESTŲ_FIL!D70, KAIMO_FIL!D69) -> 151018 | E75: =SUM(VIEŠOSIOS!E74, MIESTŲ_FIL!E70, KAIMO_FIL!E69) -> 5698 | F75: =SUM(VIEŠOSIOS!F74, MIESTŲ_FIL!F70, KAIMO_FIL!F69) -> 187794 | G75: =SUM(VIEŠOSIOS!G74, MIESTŲ_FIL!G70, KAIMO_FIL!G69) -> 95263 | H75: =SUM(VIEŠOSIOS!H74, MIESTŲ_FIL!H70, KAIMO_FIL!H69) -> 35 | I75: =SUM(VIEŠOSIOS!I74, MIESTŲ_FIL!I70, KAIMO_FIL!I69) -> 18 | J75: =SUM(VIEŠOSIOS!J74, MIESTŲ_FIL!J70, KAIMO_FIL!J69) -> 18
B76: Kelmės r. | C76: =SUM(VIEŠOSIOS!C75, MIESTŲ_FIL!C71, KAIMO_FIL!C70) -> 18 | D76: =SUM(VIEŠOSIOS!D75, MIESTŲ_FIL!D71, KAIMO_FIL!D70) -> 116100 | E76: =SUM(VIEŠOSIOS!E75, MIESTŲ_FIL!E71, KAIMO_FIL!E70) -> 4348 | F76: =SUM(VIEŠOSIOS!F75, MIESTŲ_FIL!F71, KAIMO_FIL!F70) -> 86158 | G76: =SUM(VIEŠOSIOS!G75, MIESTŲ_FIL!G71, KAIMO_FIL!G70) -> 113734 | H76: =SUM(VIEŠOSIOS!H75, MIESTŲ_FIL!H71, KAIMO_FIL!H70) -> 35 | I76: =SUM(VIEŠOSIOS!I75, MIESTŲ_FIL!I71, KAIMO_FIL!I70) -> 18 | J76: =SUM(VIEŠOSIOS!J75, MIESTŲ_FIL!J71, KAIMO_FIL!J70) -> 18
B77: Pakruojo r. | C77: =SUM(VIEŠOSIOS!C76, MIESTŲ_FIL!C72, KAIMO_FIL!C71) -> 24 | D77: =SUM(VIEŠOSIOS!D76, MIESTŲ_FIL!D72, KAIMO_FIL!D71) -> 163203 | E77: =SUM(VIEŠOSIOS!E76, MIESTŲ_FIL!E72, KAIMO_FIL!E71) -> 4286 | F77: =SUM(VIEŠOSIOS!F76, MIESTŲ_FIL!F72, KAIMO_FIL!F71) -> 132227 | G77: =SUM(VIEŠOSIOS!G76, MIESTŲ_FIL!G72, KAIMO_FIL!G71) -> 108975 | H77: =SUM(VIEŠOSIOS!H76, MIESTŲ_FIL!H72, KAIMO_FIL!H71) -> 36 | I77: =SUM(VIEŠOSIOS!I76, MIESTŲ_FIL!I72, KAIMO_FIL!I71) -> 24 | J77: =SUM(VIEŠOSIOS!J76, MIESTŲ_FIL!J72, KAIMO_FIL!J71) -> 24
B78: Radviliškio r. | C78: =SUM(VIEŠOSIOS!C77, MIESTŲ_FIL!C73, KAIMO_FIL!C72) -> 26 | D78: =SUM(VIEŠOSIOS!D77, MIESTŲ_FIL!D73, KAIMO_FIL!D72) -> 261867 | E78: =SUM(VIEŠOSIOS!E77, MIESTŲ_FIL!E73, KAIMO_FIL!E72) -> 8927 | F78: =SUM(VIEŠOSIOS!F77, MIESTŲ_FIL!F73, KAIMO_FIL!F72) -> 173500 | G78: =SUM(VIEŠOSIOS!G77, MIESTŲ_FIL!G73, KAIMO_FIL!G72) -> 306645 | H78: =SUM(VIEŠOSIOS!H77, MIESTŲ_FIL!H73, KAIMO_FIL!H72) -> 53 | I78: =SUM(VIEŠOSIOS!I77, MIESTŲ_FIL!I73, KAIMO_FIL!I72) -> 26 | J78: =SUM(VIEŠOSIOS!J77, MIESTŲ_FIL!J73, KAIMO_FIL!J72) -> 26
B79: Šiaulių m. | C79: =SUM(VIEŠOSIOS!C78, MIESTŲ_FIL!C74, KAIMO_FIL!C73, VAIKŲ_FIL!C20) -> 8 | D79: =SUM(VIEŠOSIOS!D78, MIESTŲ_FIL!D74, KAIMO_FIL!D73, VAIKŲ_FIL!D20) -> 225235 | E79: =SUM(VIEŠOSIOS!E78, MIESTŲ_FIL!E74, KAIMO_FIL!E73, VAIKŲ_FIL!E20) -> 6253 | F79: =SUM(VIEŠOSIOS!F78, MIESTŲ_FIL!F74, KAIMO_FIL!F73, VAIKŲ_FIL!F20) -> 206736 | G79: =SUM(VIEŠOSIOS!G78, MIESTŲ_FIL!G74, KAIMO_FIL!G73, VAIKŲ_FIL!G20) -> 138749 | H79: =SUM(VIEŠOSIOS!H78, MIESTŲ_FIL!H74, KAIMO_FIL!H73, VAIKŲ_FIL!H20) -> 38 | I79: =SUM(VIEŠOSIOS!I78, MIESTŲ_FIL!I74, KAIMO_FIL!I73, VAIKŲ_FIL!I20) -> 8 | J79: =SUM(VIEŠOSIOS!J78, MIESTŲ_FIL!J74, KAIMO_FIL!J73, VAIKŲ_FIL!J20) -> 8
B80: Šiaulių r. | C80: =SUM(VIEŠOSIOS!C79, MIESTŲ_FIL!C75, KAIMO_FIL!C74) -> 25 | D80: =SUM(VIEŠOSIOS!D79, MIESTŲ_FIL!D75, KAIMO_FIL!D74) -> 199083 | E80: =SUM(VIEŠOSIOS!E79, MIESTŲ_FIL!E75, KAIMO_FIL!E74) -> 6547 | F80: =SUM(VIEŠOSIOS!F79, MIESTŲ_FIL!F75, KAIMO_FIL!F74) -> 131613 | G80: =SUM(VIEŠOSIOS!G79, MIESTŲ_FIL!G75, KAIMO_FIL!G74) -> 74803 | H80: =SUM(VIEŠOSIOS!H79, MIESTŲ_FIL!H75, KAIMO_FIL!H74) -> 43 | I80: =SUM(VIEŠOSIOS!I79, MIESTŲ_FIL!I75, KAIMO_FIL!I74) -> 25 | J80: =SUM(VIEŠOSIOS!J79, MIESTŲ_FIL!J75, KAIMO_FIL!J74) -> 25
B81: Iš viso | C81: =SUM(C74:C80) -> 133 | D81: =SUM(D74:D80) -> 1296874 | E81: =SUM(E74:E80) -> 40915 | F81: =SUM(F74:F80) -> 1026020 | G81: =SUM(G74:G80) -> 878246 | H81: =SUM(H74:H80) -> 270 | I81: =SUM(I74:I80) -> 133 | J81: =SUM(J74:J80) -> 133
B82: Tauragės apskr.
B83: Jurbarko r. | C83: =SUM(VIEŠOSIOS!C82, MIESTŲ_FIL!C78, KAIMO_FIL!C77) -> 25 | D83: =SUM(VIEŠOSIOS!D82, MIESTŲ_FIL!D78, KAIMO_FIL!D77) -> 208251 | E83: =SUM(VIEŠOSIOS!E82, MIESTŲ_FIL!E78, KAIMO_FIL!E77) -> 3863 | F83: =SUM(VIEŠOSIOS!F82, MIESTŲ_FIL!F78, KAIMO_FIL!F77) -> 114797 | G83: =SUM(VIEŠOSIOS!G82, MIESTŲ_FIL!G78, KAIMO_FIL!G77) -> 86433 | H83: =SUM(VIEŠOSIOS!H82, MIESTŲ_FIL!H78, KAIMO_FIL!H77) -> 41 | I83: =SUM(VIEŠOSIOS!I82, MIESTŲ_FIL!I78, KAIMO_FIL!I77) -> 25 | J83: =SUM(VIEŠOSIOS!J82, MIESTŲ_FIL!J78, KAIMO_FIL!J77) -> 25
B84: Pagėgių sav. | C84: =SUM(VIEŠOSIOS!C83, KAIMO_FIL!C78) -> 9 | D84: =SUM(VIEŠOSIOS!D83, KAIMO_FIL!D78) -> 99022 | E84: =SUM(VIEŠOSIOS!E83, KAIMO_FIL!E78) -> 1347 | F84: =SUM(VIEŠOSIOS!F83, KAIMO_FIL!F78) -> 32238 | G84: =SUM(VIEŠOSIOS!G83, KAIMO_FIL!G78) -> 27854 | H84: =SUM(VIEŠOSIOS!H83, KAIMO_FIL!H78) -> 15 | I84: =SUM(VIEŠOSIOS!I83, KAIMO_FIL!I78) -> 9 | J84: =SUM(VIEŠOSIOS!J83, KAIMO_FIL!J78) -> 9
B85: Šilalės r. | C85: =SUM(VIEŠOSIOS!C84, KAIMO_FIL!C79) -> 24 | D85: =SUM(VIEŠOSIOS!D84, KAIMO_FIL!D79) -> 182991 | E85: =SUM(VIEŠOSIOS!E84, KAIMO_FIL!E79) -> 4251 | F85: =SUM(VIEŠOSIOS!F84, KAIMO_FIL!F79) -> 100628 | G85: =SUM(VIEŠOSIOS!G84, KAIMO_FIL!G79) -> 70176 | H85: =SUM(VIEŠOSIOS!H84, KAIMO_FIL!H79) -> 36 | I85: =SUM(VIEŠOSIOS!I84, KAIMO_FIL!I79) -> 24 | J85: =SUM(VIEŠOSIOS!J84, KAIMO_FIL!J79) -> 24
B86: Tauragės r. | C86: =SUM(VIEŠOSIOS!C85, MIESTŲ_FIL!C79, KAIMO_FIL!C80) -> 27 | D86: =SUM(VIEŠOSIOS!D85, MIESTŲ_FIL!D79, KAIMO_FIL!D80) -> 234568 | E86: =SUM(VIEŠOSIOS!E85, MIESTŲ_FIL!E79, KAIMO_FIL!E80) -> 6432 | F86: =SUM(VIEŠOSIOS!F85, MIESTŲ_FIL!F79, KAIMO_FIL!F80) -> 136995 | G86: =SUM(VIEŠOSIOS!G85, MIESTŲ_FIL!G79, KAIMO_FIL!G80) -> 121468 | H86: =SUM(VIEŠOSIOS!H85, MIESTŲ_FIL!H79, KAIMO_FIL!H80) -> 50 | I86: =SUM(VIEŠOSIOS!I85, MIESTŲ_FIL!I79, KAIMO_FIL!I80) -> 27 | J86: =SUM(VIEŠOSIOS!J85, MIESTŲ_FIL!J79, KAIMO_FIL!J80) -> 27
B87: Iš viso | C87: =SUM(C83:C86) -> 85 | D87: =SUM(D83:D86) -> 724832 | E87: =SUM(E83:E86) -> 15893 | F87: =SUM(F83:F86) -> 384658 | G87: =SUM(G83:G86) -> 305931 | H87: =SUM(H83:H86) -> 142 | I87: =SUM(I83:I86) -> 85 | J87: =SUM(J83:J86) -> 85
B88: Telšių apskr.
B89: Mažeikių r. | C89: =SUM(VIEŠOSIOS!C88, MIESTŲ_FIL!C82, KAIMO_FIL!C83) -> 25 | D89: =SUM(VIEŠOSIOS!D88, MIESTŲ_FIL!D82, KAIMO_FIL!D83) -> 198488 | E89: =SUM(VIEŠOSIOS!E88, MIESTŲ_FIL!E82, KAIMO_FIL!E83) -> 6643 | F89: =SUM(VIEŠOSIOS!F88, MIESTŲ_FIL!F82, KAIMO_FIL!F83) -> 157145 | G89: =SUM(VIEŠOSIOS!G88, MIESTŲ_FIL!G82, KAIMO_FIL!G83) -> 135053 | H89: =SUM(VIEŠOSIOS!H88, MIESTŲ_FIL!H82, KAIMO_FIL!H83) -> 50 | I89: =SUM(VIEŠOSIOS!I88, MIESTŲ_FIL!I82, KAIMO_FIL!I83) -> 25 | J89: =SUM(VIEŠOSIOS!J88, MIESTŲ_FIL!J82, KAIMO_FIL!J83) -> 25
B90: Plungės r. | C90: =SUM(VIEŠOSIOS!C89, MIESTŲ_FIL!C83, KAIMO_FIL!C84) -> 17 | D90: =SUM(VIEŠOSIOS!D89, MIESTŲ_FIL!D83, KAIMO_FIL!D84) -> 138923 | E90: =SUM(VIEŠOSIOS!E89, MIESTŲ_FIL!E83, KAIMO_FIL!E84) -> 4712 | F90: =SUM(VIEŠOSIOS!F89, MIESTŲ_FIL!F83, KAIMO_FIL!F84) -> 103435 | G90: =SUM(VIEŠOSIOS!G89, MIESTŲ_FIL!G83, KAIMO_FIL!G84) -> 115405 | H90: =SUM(VIEŠOSIOS!H89, MIESTŲ_FIL!H83, KAIMO_FIL!H84) -> 31 | I90: =SUM(VIEŠOSIOS!I89, MIESTŲ_FIL!I83, KAIMO_FIL!I84) -> 17 | J90: =SUM(VIEŠOSIOS!J89, MIESTŲ_FIL!J83, KAIMO_FIL!J84) -> 17
B91: Rietavo sav. | C91: =SUM(VIEŠOSIOS!C90, KAIMO_FIL!C85) -> 7 | D91: =SUM(VIEŠOSIOS!D90, KAIMO_FIL!D85) -> 65796 | E91: =SUM(VIEŠOSIOS!E90, KAIMO_FIL!E85) -> 1144 | F91: =SUM(VIEŠOSIOS!F90, KAIMO_FIL!F85) -> 29524 | G91: =SUM(VIEŠOSIOS!G90, KAIMO_FIL!G85) -> 15330 | H91: =SUM(VIEŠOSIOS!H90, KAIMO_FIL!H85) -> 12 | I91: =SUM(VIEŠOSIOS!I90, KAIMO_FIL!I85) -> 7 | J91: =SUM(VIEŠOSIOS!J90, KAIMO_FIL!J85) -> 7
B92: Telšių r. | C92: =SUM(VIEŠOSIOS!C91, MIESTŲ_FIL!C84, KAIMO_FIL!C86) -> 29 | D92: =SUM(VIEŠOSIOS!D91, MIESTŲ_FIL!D84, KAIMO_FIL!D86) -> 242179 | E92: =SUM(VIEŠOSIOS!E91, MIESTŲ_FIL!E84, KAIMO_FIL!E86) -> 6572 | F92: =SUM(VIEŠOSIOS!F91, MIESTŲ_FIL!F84, KAIMO_FIL!F86) -> 139619 | G92: =SUM(VIEŠOSIOS!G91, MIESTŲ_FIL!G84, KAIMO_FIL!G86) -> 99354 | H92: =SUM(VIEŠOSIOS!H91, MIESTŲ_FIL!H84, KAIMO_FIL!H86) -> 49 | I92: =SUM(VIEŠOSIOS!I91, MIESTŲ_FIL!I84, KAIMO_FIL!I86) -> 29 | J92: =SUM(VIEŠOSIOS!J91, MIESTŲ_FIL!J84, KAIMO_FIL!J86) -> 29
B93: Iš viso | C93: =SUM(C89:C92) -> 78 | D93: =SUM(D89:D92) -> 645386 | E93: =SUM(E89:E92) -> 19071 | F93: =SUM(F89:F92) -> 429723 | G93: =SUM(G89:G92) -> 365142 | H93: =SUM(H89:H92) -> 142 | I93: =SUM(I89:I92) -> 78 | J93: =SUM(J89:J92) -> 78
B94: Utenos apskr.
B95: Anykščių r. | C95: =SUM(VIEŠOSIOS!C94, MIESTŲ_FIL!C87, KAIMO_FIL!C89) -> 24 | D95: =SUM(VIEŠOSIOS!D94, MIESTŲ_FIL!D87, KAIMO_FIL!D89) -> 198337 | E95: =SUM(VIEŠOSIOS!E94, MIESTŲ_FIL!E87, KAIMO_FIL!E89) -> 6276 | F95: =SUM(VIEŠOSIOS!F94, MIESTŲ_FIL!F87, KAIMO_FIL!F89) -> 165453 | G95: =SUM(VIEŠOSIOS!G94, MIESTŲ_FIL!G87, KAIMO_FIL!G89) -> 109031 | H95: =SUM(VIEŠOSIOS!H94, MIESTŲ_FIL!H87, KAIMO_FIL!H89) -> 44 | I95: =SUM(VIEŠOSIOS!I94, MIESTŲ_FIL!I87, KAIMO_FIL!I89) -> 24 | J95: =SUM(VIEŠOSIOS!J94, MIESTŲ_FIL!J87, KAIMO_FIL!J89) -> 24
B96: Ignalinos r. | C96: =SUM(VIEŠOSIOS!C95, MIESTŲ_FIL!C88, KAIMO_FIL!C90) -> 21 | D96: =SUM(VIEŠOSIOS!D95, MIESTŲ_FIL!D88, KAIMO_FIL!D90) -> 156526 | E96: =SUM(VIEŠOSIOS!E95, MIESTŲ_FIL!E88, KAIMO_FIL!E90) -> 3512 | F96: =SUM(VIEŠOSIOS!F95, MIESTŲ_FIL!F88, KAIMO_FIL!F90) -> 75151 | G96: =SUM(VIEŠOSIOS!G95, MIESTŲ_FIL!G88, KAIMO_FIL!G90) -> 72827 | H96: =SUM(VIEŠOSIOS!H95, MIESTŲ_FIL!H88, KAIMO_FIL!H90) -> 38 | I96: =SUM(VIEŠOSIOS!I95, MIESTŲ_FIL!I88, KAIMO_FIL!I90) -> 21 | J96: =SUM(VIEŠOSIOS!J95, MIESTŲ_FIL!J88, KAIMO_FIL!J90) -> 21
B97: Molėtų r. | C97: =SUM(VIEŠOSIOS!C96, KAIMO_FIL!C91) -> 25 | D97: =SUM(VIEŠOSIOS!D96, KAIMO_FIL!D91) -> 136532 | E97: =SUM(VIEŠOSIOS!E96, KAIMO_FIL!E91) -> 4547 | F97: =SUM(VIEŠOSIOS!F96, KAIMO_FIL!F91) -> 128519 | G97: =SUM(VIEŠOSIOS!G96, KAIMO_FIL!G91) -> 124676 | H97: =SUM(VIEŠOSIOS!H96, KAIMO_FIL!H91) -> 40 | I97: =SUM(VIEŠOSIOS!I96, KAIMO_FIL!I91) -> 25 | J97: =SUM(VIEŠOSIOS!J96, KAIMO_FIL!J91) -> 25
B98: Utenos r. | C98: =SUM(VIEŠOSIOS!C97, MIESTŲ_FIL!C89, KAIMO_FIL!C92) -> 23 | D98: =SUM(VIEŠOSIOS!D97, MIESTŲ_FIL!D89, KAIMO_FIL!D92) -> 262577 | E98: =SUM(VIEŠOSIOS!E97, MIESTŲ_FIL!E89, KAIMO_FIL!E92) -> 4624 | F98: =SUM(VIEŠOSIOS!F97, MIESTŲ_FIL!F89, KAIMO_FIL!F92) -> 189851 | G98: =SUM(VIEŠOSIOS!G97, MIESTŲ_FIL!G89, KAIMO_FIL!G92) -> 143557 | H98: =SUM(VIEŠOSIOS!H97, MIESTŲ_FIL!H89, KAIMO_FIL!H92) -> 51 | I98: =SUM(VIEŠOSIOS!I97, MIESTŲ_FIL!I89, KAIMO_FIL!I92) -> 23 | J98: =SUM(VIEŠOSIOS!J97, MIESTŲ_FIL!J89, KAIMO_FIL!J92) -> 23
B99: Visagino sav. | C99: =SUM(VIEŠOSIOS!C98, MIESTŲ_FIL!C90, KAIMO_FIL!C93) -> 2 | D99: =SUM(VIEŠOSIOS!D98, MIESTŲ_FIL!D90, KAIMO_FIL!D93) -> 104405 | E99: =SUM(VIEŠOSIOS!E98, MIESTŲ_FIL!E90, KAIMO_FIL!E93) -> 1595 | F99: =SUM(VIEŠOSIOS!F98, MIESTŲ_FIL!F90, KAIMO_FIL!F93) -> 32412 | G99: =SUM(VIEŠOSIOS!G98, MIESTŲ_FIL!G90, KAIMO_FIL!G93) -> 22654 | H99: =SUM(VIEŠOSIOS!H98, MIESTŲ_FIL!H90, KAIMO_FIL!H93) -> 15 | I99: =SUM(VIEŠOSIOS!I98, MIESTŲ_FIL!I90, KAIMO_FIL!I93) -> 2 | J99: =SUM(VIEŠOSIOS!J98, MIESTŲ_FIL!J90, KAIMO_FIL!J93) -> 2
B100: Zarasų r. | C100: =SUM(VIEŠOSIOS!C99, MIESTŲ_FIL!C91, KAIMO_FIL!C94) -> 17 | D100: =SUM(VIEŠOSIOS!D99, MIESTŲ_FIL!D91, KAIMO_FIL!D94) -> 168037 | E100: =SUM(VIEŠOSIOS!E99, MIESTŲ_FIL!E91, KAIMO_FIL!E94) -> 4824 | F100: =SUM(VIEŠOSIOS!F99, MIESTŲ_FIL!F91, KAIMO_FIL!F94) -> 155337 | G100: =SUM(VIEŠOSIOS!G99, MIESTŲ_FIL!G91, KAIMO_FIL!G94) -> 99494 | H100: =SUM(VIEŠOSIOS!H99, MIESTŲ_FIL!H91, KAIMO_FIL!H94) -> 38 | I100: =SUM(VIEŠOSIOS!I99, MIESTŲ_FIL!I91, KAIMO_FIL!I94) -> 17 | J100: =SUM(VIEŠOSIOS!J99, MIESTŲ_FIL!J91, KAIMO_FIL!J94) -> 17
B101: Iš viso | C101: =SUM(C95:C100) -> 112 | D101: =SUM(D95:D100) -> 1026414 | E101: =SUM(E95:E100) -> 25378 | F101: =SUM(F95:F100) -> 746723 | G101: =SUM(G95:G100) -> 572239 | H101: =SUM(H95:H100) -> 226 | I101: =SUM(I95:I100) -> 112 | J101: =SUM(J95:J100) -> 112
B102: Vilniaus apskr.
B103: Elektrėnų sav. | C103: =SUM(VIEŠOSIOS!C102, MIESTŲ_FIL!C94, KAIMO_FIL!C97) -> 12 | D103: =SUM(VIEŠOSIOS!D102, MIESTŲ_FIL!D94, KAIMO_FIL!D97) -> 173417 | E103: =SUM(VIEŠOSIOS!E102, MIESTŲ_FIL!E94, KAIMO_FIL!E97) -> 3780 | F103: =SUM(VIEŠOSIOS!F102, MIESTŲ_FIL!F94, KAIMO_FIL!F97) -> 87392 | G103: =SUM(VIEŠOSIOS!G102, MIESTŲ_FIL!G94, KAIMO_FIL!G97) -> 68020 | H103: =SUM(VIEŠOSIOS!H102, MIESTŲ_FIL!H94, KAIMO_FIL!H97) -> 30 | I103: =SUM(VIEŠOSIOS!I102, MIESTŲ_FIL!I94, KAIMO_FIL!I97) -> 12 | J103: =SUM(VIEŠOSIOS!J102, MIESTŲ_FIL!J94, KAIMO_FIL!J97) -> 12
B104: Šalčininkų r. | C104: =SUM(VIEŠOSIOS!C103, MIESTŲ_FIL!C95, KAIMO_FIL!C98) -> 25 | D104: =SUM(VIEŠOSIOS!D103, MIESTŲ_FIL!D95, KAIMO_FIL!D98) -> 225004 | E104: =SUM(VIEŠOSIOS!E103, MIESTŲ_FIL!E95, KAIMO_FIL!E98) -> 7155 | F104: =SUM(VIEŠOSIOS!F103, MIESTŲ_FIL!F95, KAIMO_FIL!F98) -> 119113 | G104: =SUM(VIEŠOSIOS!G103, MIESTŲ_FIL!G95, KAIMO_FIL!G98) -> 75109 | H104: =SUM(VIEŠOSIOS!H103, MIESTŲ_FIL!H95, KAIMO_FIL!H98) -> 42 | I104: =SUM(VIEŠOSIOS!I103, MIESTŲ_FIL!I95, KAIMO_FIL!I98) -> 25 | J104: =SUM(VIEŠOSIOS!J103, MIESTŲ_FIL!J95, KAIMO_FIL!J98) -> 25
B105: Širvintų r. | C105: =SUM(VIEŠOSIOS!C104, KAIMO_FIL!C99) -> 19 | D105: =SUM(VIEŠOSIOS!D104, KAIMO_FIL!D99) -> 78897 | E105: =SUM(VIEŠOSIOS!E104, KAIMO_FIL!E99) -> 2543 | F105: =SUM(VIEŠOSIOS!F104, KAIMO_FIL!F99) -> 58973 | G105: =SUM(VIEŠOSIOS!G104, KAIMO_FIL!G99) -> 38952 | H105: =SUM(VIEŠOSIOS!H104, KAIMO_FIL!H99) -> 28 | I105: =SUM(VIEŠOSIOS!I104, KAIMO_FIL!I99) -> 19 | J105: =SUM(VIEŠOSIOS!J104, KAIMO_FIL!J99) -> 19
B106: Švenčionių r. | C106: =SUM(VIEŠOSIOS!C105, MIESTŲ_FIL!C96, KAIMO_FIL!C100) -> 16 | D106: =SUM(VIEŠOSIOS!D105, MIESTŲ_FIL!D96, KAIMO_FIL!D100) -> 143757 | E106: =SUM(VIEŠOSIOS!E105, MIESTŲ_FIL!E96, KAIMO_FIL!E100) -> 5334 | F106: =SUM(VIEŠOSIOS!F105, MIESTŲ_FIL!F96, KAIMO_FIL!F100) -> 117751 | G106: =SUM(VIEŠOSIOS!G105, MIESTŲ_FIL!G96, KAIMO_FIL!G100) -> 69502 | H106: =SUM(VIEŠOSIOS!H105, MIESTŲ_FIL!H96, KAIMO_FIL!H100) -> 29 | I106: =SUM(VIEŠOSIOS!I105, MIESTŲ_FIL!I96, KAIMO_FIL!I100) -> 16 | J106: =SUM(VIEŠOSIOS!J105, MIESTŲ_FIL!J96, KAIMO_FIL!J100) -> 16
B107: Trakų r. | C107: =SUM(VIEŠOSIOS!C106, MIESTŲ_FIL!C97, KAIMO_FIL!C101) -> 16 | D107: =SUM(VIEŠOSIOS!D106, MIESTŲ_FIL!D97, KAIMO_FIL!D101) -> 201952 | E107: =SUM(VIEŠOSIOS!E106, MIESTŲ_FIL!E97, KAIMO_FIL!E101) -> 5542 | F107: =SUM(VIEŠOSIOS!F106, MIESTŲ_FIL!F97, KAIMO_FIL!F101) -> 244793 | G107: =SUM(VIEŠOSIOS!G106, MIESTŲ_FIL!G97, KAIMO_FIL!G101) -> 145501 | H107: =SUM(VIEŠOSIOS!H106, MIESTŲ_FIL!H97, KAIMO_FIL!H101) -> 35 | I107: =SUM(VIEŠOSIOS!I106, MIESTŲ_FIL!I97, KAIMO_FIL!I101) -> 16 | J107: =SUM(VIEŠOSIOS!J106, MIESTŲ_FIL!J97, KAIMO_FIL!J101) -> 16
B108: Ukmergės r. | C108: =SUM(VIEŠOSIOS!C107, KAIMO_FIL!C102) -> 28 | D108: =SUM(VIEŠOSIOS!D107, KAIMO_FIL!D102) -> 170736 | E108: =SUM(VIEŠOSIOS!E107, KAIMO_FIL!E102) -> 6172 | F108: =SUM(VIEŠOSIOS!F107, KAIMO_FIL!F102) -> 168314 | G108: =SUM(VIEŠOSIOS!G107, KAIMO_FIL!G102) -> 174149 | H108: =SUM(VIEŠOSIOS!H107, KAIMO_FIL!H102) -> 53 | I108: =SUM(VIEŠOSIOS!I107, KAIMO_FIL!I102) -> 28 | J108: =SUM(VIEŠOSIOS!J107, KAIMO_FIL!J102) -> 28
B109: Vilniaus m. | C109: =SUM(VIEŠOSIOS!C108, MIESTŲ_FIL!C98, KAIMO_FIL!C103, VAIKŲ_FIL!C25) -> 16 | D109: =SUM(VIEŠOSIOS!D108, MIESTŲ_FIL!D98, KAIMO_FIL!D103, VAIKŲ_FIL!D25) -> 422146 | E109: =SUM(VIEŠOSIOS!E108, MIESTŲ_FIL!E98, KAIMO_FIL!E103, VAIKŲ_FIL!E25) -> 31041 | F109: =SUM(VIEŠOSIOS!F108, MIESTŲ_FIL!F98, KAIMO_FIL!F103, VAIKŲ_FIL!F25) -> 752150 | G109: =SUM(VIEŠOSIOS!G108, MIESTŲ_FIL!G98, KAIMO_FIL!G103, VAIKŲ_FIL!G25) -> 660262 | H109: =SUM(VIEŠOSIOS!H108, MIESTŲ_FIL!H98, KAIMO_FIL!H103, VAIKŲ_FIL!H25) -> 96 | I109: =SUM(VIEŠOSIOS!I108, MIESTŲ_FIL!I98, KAIMO_FIL!I103, VAIKŲ_FIL!I25) -> 16 | J109: =SUM(VIEŠOSIOS!J108, MIESTŲ_FIL!J98, KAIMO_FIL!J103, VAIKŲ_FIL!J25) -> 16
B110: Vilniaus r. | C110: =SUM(VIEŠOSIOS!C109, MIESTŲ_FIL!C99, KAIMO_FIL!C104, VAIKŲ_FIL!C26) -> 43 | D110: =SUM(VIEŠOSIOS!D109, MIESTŲ_FIL!D99, KAIMO_FIL!D104, VAIKŲ_FIL!D26) -> 384310 | E110: =SUM(VIEŠOSIOS!E109, MIESTŲ_FIL!E99, KAIMO_FIL!E104, VAIKŲ_FIL!E26) -> 7861 | F110: =SUM(VIEŠOSIOS!F109, MIESTŲ_FIL!F99, KAIMO_FIL!F104, VAIKŲ_FIL!F26) -> 99512 | G110: =SUM(VIEŠOSIOS!G109, MIESTŲ_FIL!G99, KAIMO_FIL!G104, VAIKŲ_FIL!G26) -> 55128 | H110: =SUM(VIEŠOSIOS!H109, MIESTŲ_FIL!H99, KAIMO_FIL!H104, VAIKŲ_FIL!H26) -> 58 | I110: =SUM(VIEŠOSIOS!I109, MIESTŲ_FIL!I99, KAIMO_FIL!I104, VAIKŲ_FIL!I26) -> 43 | J110: =SUM(VIEŠOSIOS!J109, MIESTŲ_FIL!J99, KAIMO_FIL!J104, VAIKŲ_FIL!J26) -> 43
B111: Iš viso | C111: =SUM(C103:C110) -> 175 | D111: =SUM(D103:D110) -> 1800219 | E111: =SUM(E103:E110) -> 69428 | F111: =SUM(F103:F110) -> 1647998 | G111: =SUM(G103:G110) -> 1286623 | H111: =SUM(H103:H110) -> 371 | I111: =SUM(I103:I110) -> 175 | J111: =SUM(J103:J110) -> 175
B112: Iš viso šalyje | C112: =SUM(C111,C101,C93,C87,C81,C53,C45,C38,C29,C19) -> 1183 | D112: =SUM(D111,D101,D93,D87,D81,D53,D45,D38,D29,D19) -> 11306006 | E112: =SUM(E111,E101,E93,E87,E81,E53,E45,E38,E29,E19) -> 386164 | F112: =SUM(F111,F101,F93,F87,F81,F53,F45,F38,F29,F19) -> 9907883 | G112: =SUM(G111,G101,G93,G87,G81,G53,G45,G38,G29,G19) -> 7298602 | H112: =SUM(H111,H101,H93,H87,H81,H53,H45,H38,H29,H19) -> 2379 | I112: =SUM(I111,I101,I93,I87,I81,I53,I45,I38,I29,I19) -> 1183 | J112: =SUM(J111,J101,J93,J87,J81,J53,J45,J38,J29,J19) -> 1183
B113: 2021 m. | C113: 1200 | D113: 11550358 | E113: 423793 | F113: 9172025 | G113: 6358775 | H113: 2376 | I113: 1200 | J113: 1200
B114: Skirtumas (+, - ) | C114: =C112-C113 -> -17 | D114: =D112-D113 -> -244352 | E114: =E112-E113 -> -37629 | F114: =F112-F113 -> 735858 | G114: =G112-G113 -> 939827 | H114: =H112-H113 -> 3 | I114: =I112-I113 -> -17 | J114: =J112-J113 -> -17

Sheet VIEŠOSIOS
C2: VIEŠOSIOS BIBLIOTEKOS
C4: PAGRINDINIAI RODIKLIAI
I6: 2022 METAI
B8: Apskritys, savivaldybės | C8: Bibliotekų filialų skaičius | D8: Dokumentų fondas iš viso (fiz.vnt.) | E8: Vartotojų skaičius | F8: Dokumentų išduotis (fiz.vnt.) | G8: Lankytojų (apsilankymų) skaičius | H8: Profesionalių bibliotekininkų skaičius | I8: Bibliotekų, turinčių kompiuterius, skaičius
I10: iš viso | J10: su internetu
B11: 1 | C11: 2 | D11: 3 | E11: 4 | F11: 5 | G11: 6 | H11: 7 | I11: 8 | J11: 9
B12: Alytaus apskr.
B13: Alytaus m. | C13: 1 | D13: 90294 | E13: 3312 | F13: 90752 | G13: 58368 | H13: 21 | I13: 1 | J13: 1
B14: Alytaus r. | C14: 1 | D14: 74934 | E14: 1512 | F14: 40729 | G14: 9699 | H14: 7 | I14: 1 | J14: 1
B15: Druskininkų sav. | C15: 1 | D15: 122157 | E15: 4338 | F15: 69046 | G15: 49487 | H15: 14 | I15: 1 | J15: 1
B16: Lazdijų r. | C16: 1 | D16: 51013 | E16: 1238 | F16: 26372 | G16: 51670 | H16: 10 | I16: 1 | J16: 1
B17: Varėnos r. | C17: 1 | D17: 63310 | E17: 2078 | F17: 62307 | G17: 50987 | H17: 22 | I17: 1 | J17: 1
B18: Iš viso | C18: =SUM(C13:C17) -> 5 | D18: =SUM(D13:D17) -> 401708 | E18: =SUM(E13:E17) -> 12478 | F18: =SUM(F13:F17) -> 289206 | G18: =SUM(G12:G17) -> 220211 | H18: =SUM(H12:H17) -> 74 | I18: =SUM(I13:I17) -> 5 | J18: =SUM(J13:J17) -> 5
B19: Kauno apskr.
B20: Birštono sav. | C20: 1 | D20: 59968 | E20: 1221 | F20: 22724 | G20: 23190 | H20: 10 | I20: 1 | J20: 1
B21: Jonavos r. | C21: 1 | D21: 55038 | E21: 4551 | F21: 88688 | G21: 48642 | H21: 18 | I21: 1 | J21: 1
B22: Kaišiadorių r. | C22: 1 | D22: 57218 | E22: 1967 | F22: 27419 | G22: 17815 | H22: 16 | I22: 1 | J22: 1
B23: Kauno m. | C23: 1 | D23: 63922 | E23: 26286 | F23: 99981 | G23: 90777 | H23: 27 | I23: 1 | J23: 1
B24: Kauno r. | C24: 1 | D24: 67363 | E24: 2741 | F24: 59330 | G24: 64042 | H24: 16 | I24: 1 | J24: 1
B25: Kėdainių r. | C25: 1 | D25: 81877 | E25: 2500 | F25: 88660 | G25: 43076 | H25: 21 | I25: 1 | J25: 1
B26: Prienų r. | C26: 1 | D26: 43475 | E26: 4045 | F26: 31860 | G26: 20544 | H26: 19 | I26: 1 | J26: 1
B27: Raseinių r. | C27: 1 | D27: 77204 | E27: 2620 | F27: 69827 | G27: 33448 | H27: 16 | I27: 1 | J27: 1
B28: Iš viso | C28: =SUM(C20:C27) -> 8 | D28: =SUM(D20:D27) -> 506065 | E28: =SUM(E20:E27) -> 45931 | F28: =SUM(F20:F27) -> 488489 | G28: =SUM(G19:G27) -> 341534 | H28: =SUM(H20:H27) -> 143 | I28: =SUM(I20:I27) -> 8 | J28: =SUM(J20:J27) -> 8
B29: Klaipėdos apskr.
B30: Klaipėdos m. | C30: 1 | D30: 94374 | E30: 3548 | F30: 169375 | G30: 96667 | H30: 28 | I30: 1 | J30: 1
B31: Klaipėdos r. | C31: 1 | D31: 57996 | E31: 2880 | F31: 31417 | G31: 34864 | H31: 21 | I31: 1 | J31: 1
B32: Kretingos r. | C32: 1 | D32: 62188 | E32: 3571 | F32: 48357 | G32: 119647 | H32: 20 | I32: 1 | J32: 1
B33: Neringos sav. | C33: 1 | D33: 41045 | E33: 738 | F33: 7386 | G33: 6660 | H33: 6 | I33: 1 | J33: 1
B34: Palangos m. sav. | C34: 1 | D34: 74051 | E34: 4968 | F34: 124450 | G34: 70282 | H34: 22 | I34: 1 | J34: 1
B35: Skuodo r. | C35: 1 | D35: 52592 | E35: 876 | F35: 30647 | G35: 20687 | H35: 16 | I35: 1 | J35: 1
B36: Šilutės r. | C36: 1 | D36: 64346 | E36: 1642 | F36: 39870 | G36: 45671 | H36: 24 | I36: 1 | J36: 1
B37: Iš viso | C37: =SUM(C30:C36) -> 7 | D37: =SUM(D30:D36) -> 446592 | E37: =SUM(E30:E36) -> 18223 | F37: =SUM(F30:F36) -> 451502 | G37: =SUM(G30:G36) -> 394478 | H37: =SUM(H29:H36) -> 137 | I37: =SUM(I30:I36) -> 7 | J37: =SUM(J30:J36) -> 7
B38: Marijampolės apskr.
B39: Kalvarijos sav. | C39: 1 | D39: 24939 | E39: 1776 | F39: 40061 | G39: 40054 | H39: 9 | I39: 1 | J39: 1
B40: Kazlų Rūdos sav. | C40: 1 | D40: 23590 | E40: 839 | F40: 18046 | G40: 14328 | H40: 8 | I40: 1 | J40: 1
B41: Marijampolės sav. | C41: 1 | D41: 56762 | E41: 2850 | F41: 53783 | G41: 66839 | H41: 19 | I41: 1 | J41: 1
B42: Šakių r. | C42: 1 | D42: 54564 | E42: 5450 | F42: 60463 | G42: 54913 | H42: 13 | I42: 1 | J42: 1
B43: Vilkaviškio r. | C43: 1 | D43: 48705 | E43: 1841 | F43: 27645 | G43: 21174 | H43: 20 | I43: 1 | J43: 1
B44: Iš viso | C44: =SUM(C39:C43) -> 5 | D44: =SUM(D39:D43) -> 208560 | E44: =SUM(E39:E43) -> 12756 | F44: =SUM(F39:F43) -> 199998 | G44: =SUM(G38:G43) -> 197308 | H44: =SUM(H38:H43) -> 69 | I44: =SUM(I39:I43) -> 5 | J44: =SUM(J39:J43) -> 5
B45: Panevėžio apskr.
B46: Biržų r. | C46: 1 | D46: 60770 | E46: 1380 | F46: 32870 | G46: 41838 | H46: 26 | I46: 1 | J46: 1
B47: Kupiškio r. | C47: 1 | D47: 49696 | E47: 1189 | F47: 48819 | G47: 19599 | H47: 20 | I47: 1 | J47: 1
B48: Panevėžio m. | C48: 1 | D48: 38268 | E48: 3311 | F48: 83277 | G48: 61820 | H48: 19 | I48: 1 | J48: 1
B49: Panevėžio r. | C49: 1 | D49: 38989 | E49: 996 | F49: 35928 | G49: 11639 | H49: 15 | I49: 1 | J49: 1
B50: Pasvalio r. | C50: 1 | D50: 90071 | E50: 3752 | F50: 50566 | G50: 33992 | H50: 21 | I50: 1 | J50: 1
B51: Rokiškio r. | C51: 1 | D51: 74562 | E51: 2352 | F51: 70485 | G51: 48833 | H51: 22 | I51: 1 | J51: 1
B52: Iš viso | C52: =SUM(C46:C51) -> 6 | D52: =SUM(D46:D51) -> 352356 | E52: =SUM(E46:E51) -> 12980 | F52: =SUM(F46:F51) -> 321945 | G52: =SUM(G45:G51) -> 217721 | H52: =SUM(H46:H51) -> 123 | I52: =SUM(I46:I51) -> 6 | J52: =SUM(J46:J51) -> 6
B68: Apskritys, savivaldybės | C68: Bibliotekų filialų skaičius | D68: Dokumentų fondas iš viso (fiz.vnt.) | E68: Vartotojų skaičius | F68: Dokumentų išduotis (fiz.vnt.) | G68: Lankytojų (apsilankymų) skaičius | H68: Profesionalių bibliotekininkų skaičius | I68: Bibliotekų, turinčių kompiuterius, skaičius
I70: iš viso | J70: su internetu
B71: 1 | C71: 2 | D71: 3 | E71: 4 | F71: 5 | G71: 6 | H71: 7 | I71: 8 | J71: 9
B72: Šiaulių apskr.
B73: Akmenės r. | C73: 1 | D73: 70585 | E73: 1885 | F73: 60780 | G73: 17017 | H73: 14 | I73: 1 | J73: 1
B74: Joniškio r. | C74: 1 | D74: 48706 | E74: 2875 | F74: 92320 | G74: 45075 | H74: 16 | I74: 1 | J74: 1
B75: Kelmės r. | C75: 1 | D75: 33021 | E75: 1446 | F75: 30781 | G75: 39139 | H75: 16 | I75: 1 | J75: 1
B76: Pakruojo r. | C76: 1 | D76: 47297 | E76: 1644 | F76: 34485 | G76: 35005 | H76: 13 | I76: 1 | J76: 1
B77: Radviliškio r. | C77: 1 | D77: 94135 | E77: 3083 | F77: 59467 | G77: 43497 | H77: 26 | I77: 1 | J77: 1
B78: Šiaulių m. | C78: 1 | D78: 73508 | E78: 2835 | F78: 71617 | G78: 46882 | H78: 20 | I78: 1 | J78: 1
B79: Šiaulių r. | C79: 1 | D79: 40564 | E79: 1634 | F79: 20574 | G79: 17811 | H79: 19 | I79: 1 | J79: 1
B80: Iš viso | C80: =SUM(C73:C79) -> 7 | D80: =SUM(D73:D79) -> 407816 | E80: =SUM(E73:E79) -> 15402 | F80: =SUM(F73:F79) -> 370024 | G80: =SUM(G72:G79) -> 244426 | H80: =SUM(H72:H79) -> 124 | I80: =SUM(I73:I79) -> 7 | J80: =SUM(J73:J79) -> 7
B81: Tauragės apskr.
B82: Jurbarko r. | C82: 1 | D82: 60472 | E82: 1591 | F82: 29889 | G82: 25585 | H82: 16 | I82: 1 | J82: 1
B83: Pagėgių sav. | C83: 1 | D83: 35492 | E83: 286 | F83: 6458 | G83: 16440 | H83: 7 | I83: 1 | J83: 1
B84: Šilalės r. | C84: 1 | D84: 40436 | E84: 1368 | F84: 35735 | G84: 32943 | H84: 13 | I84: 1 | J84: 1
B85: Tauragės r. | C85: 1 | D85: 72699 | E85: 6432 | F85: 57840 | G85: 38612 | H85: 23 | I85: 1 | J85: 1
B86: Iš viso | C86: =SUM(C82:C85) -> 4 | D86: =SUM(D82:D85) -> 209099 | E86: =SUM(E82:E85) -> 9677 | F86: =SUM(F82:F85) -> 129922 | G86: =SUM(G81:G85) -> 113580 | H86: =SUM(H82:H85) -> 59 | I86: =SUM(I82:I85) -> 4 | J86: =SUM(J82:J85) -> 4
B87: Telšių apskr.
B88: Mažeikių r. | C88: 1 | D88: 60171 | E88: 2745 | F88: 71357 | G88: 55872 | H88: 22 | I88: 1 | J88: 1
B89: Plungės r. | C89: 1 | D89: 39855 | E89: 1580 | F89: 31449 | G89: 41594 | H89: 14 | I89: 1 | J89: 1
B90: Rietavo sav. | C90: 1 | D90: 32733 | E90: 601 | F90: 15952 | G90: 8091 | H90: 6 | I90: 1 | J90: 1
B91: Telšių r. | C91: 1 | D91: 64041 | E91: 2424 | F91: 36577 | G91: 25497 | H91: 20 | I91: 1 | J91: 1
B92: Iš viso | C92: =SUM(C88:C91) -> 4 | D92: =SUM(D88:D91) -> 196800 | E92: =SUM(E88:E91) -> 7350 | F92: =SUM(F88:F91) -> 155335 | G92: =SUM(G87:G91) -> 131054 | H92: =SUM(H87:H91) -> 62 | I92: =SUM(I88:I91) -> 4 | J92: =SUM(J88:J91) -> 4
B93: Utenos apskr.
B94: Anykščių r. | C94: 1 | D94: 85584 | E94: 2072 | F94: 50639 | G94: 40652 | H94: 20 | I94: 1 | J94: 1
B95: Ignalinos r. | C95: 1 | D95: 53808 | E95: 1700 | F95: 17818 | G95: 30167 | H95: 15 | I95: 1 | J95: 1
B96: Molėtų r. | C96: 1 | D96: 35198 | E96: 1390 | F96: 36600 | G96: 39850 | H96: 16 | I96: 1 | J96: 1
B97: Utenos r. | C97: 1 | D97: 129303 | E97: 2264 | F97: 100937 | G97: 78235 | H97: 24 | I97: 1 | J97: 1
B98: Visagino sav. | C98: 1 | D98: 58901 | E98: 1188 | F98: 22253 | G98: 11367 | H98: 10 | I98: 1 | J98: 1
B99: Zarasų r. | C99: 1 | D99: 69619 | E99: 1542 | F99: 43358 | G99: 48065 | H99: 19 | I99: 1 | J99: 1
B100: Iš viso | C100: =SUM(C94:C99) -> 6 | D100: =SUM(D94:D99) -> 432413 | E100: =SUM(E94:E99) -> 10156 | F100: =SUM(F94:F99) -> 271605 | G100: =SUM(G93:G99) -> 248336 | H100: =SUM(H94:H99) -> 104 | I100: =SUM(I94:I99) -> 6 | J100: =SUM(J94:J99) -> 6
B101: Vilniaus apskr.
B102: Elektrėnų sav. | C102: 1 | D102: 60983 | E102: 3780 | F102: 35262 | G102: 28263 | H102: 17 | I102: 1 | J102: 1
B103: Šalčininkų r. | C103: 1 | D103: 38673 | E103: 1650 | F103: 25004 | G103: 12117 | H103: 13 | I103: 1 | J103: 1
B104: Širvintų r. | C104: 1 | D104: 27054 | E104: 1268 | F104: 25471 | G104: 20994 | H104: 13 | I104: 1 | J104: 1
B105: Švenčionių r. | C105: 1 | D105: 41838 | E105: 1002 | F105: 27422 | G105: 23690 | H105: 13 | I105: 1 | J105: 1
B106: Trakų r. | C106: 1 | D106: 54007 | E106: 5542 | F106: 65141 | G106: 41443 | H106: 14 | I106: 1 | J106: 1
B107: Ukmergės r. | C107: 1 | D107: 60270 | E107: 2991 | F107: 97732 | G107: 75696 | H107: 25 | I107: 1 | J107: 1
B108: Vilniaus m. | C108: 1 | D108: 73681 | E108: 11387 | F108: 83197 | G108: 153876 | H108: 21 | I108: 1 | J108: 1
B109: Vilniaus r. | C109: 1 | D109: 37541 | E109: 514 | F109: 7674 | G109: 5112 | H109: 15 | I109: 1 | J109: 1
B110: Iš viso | C110: =SUM(C102:C109) -> 8 | D110: =SUM(D102:D109) -> 394047 | E110: =SUM(E102:E109) -> 28134 | F110: =SUM(F102:F109) -> 366903 | G110: =SUM(G101:G109) -> 361191 | H110: =SUM(H101:H109) -> 131 | I110: 8 | J110: 8
B111: Iš viso šalyje | C111: =SUM(C110,C100,C92,C86,C80,C52,C44,C37,C28,C18) -> 60 | D111: =SUM(D18,D28,D37,D44,D52,D80,D86,D92,D100,D110) -> 3555456 | E111: =SUM(E110,E100,E92,E86,E80,E52,E44,E37,E28,E18) -> 173087 | F111: =SUM(F110,F100,F92,F86,F80,F52,F44,F37,F28,F18) -> 3044929 | G111: =SUM(G110,G100,G92,G86,G80,G52,G44,G37,G28,G18) -> 2469839 | H111: =SUM(H110,H100,H92,H86,H80,H52,H44,H37,H28,H18) -> 1026 | I111: =SUM(I110,I100,I92,I86,I80,I52,I44,I37,I28,I18) -> 60 | J111: =SUM(J110,J100,J92,J86,J80,J52,J44,J37,J28,J18) -> 60
B112: 2021 m. | C112: 60 | D112: 3576746 | E112: 193858 | F112: 2669951 | G112: 2024771 | H112: 997 | I112: 60 | J112: 60
B113: Skirtumas (+, - ) | C113: =C111-C112 -> 0 | D113: =D111-D112 -> -21290 | E113: =E111-E112 -> -20771 | F113: =F111-F112 -> 374978 | G113: =G111-G112 -> 445068 | H113: =H111-H112 -> 29 | I113: 0 | J113: 0

Sheet MIESTŲ_FIL
C2: SVB MIESTO FILIALAI
C4: PAGRINDINIAI RODIKLIAI
C6: 2022 METAI
B8: Apskritys, savivaldybės | C8: Bibliotekų filialų skaičius | D8: Dokumentų fondas iš viso (fiz.vnt.) | E8: Vartotojų skaičius | F8: Dokumentų išduotis (fiz.vnt.) | G8: Lankytojų (apsilankymų) skaičius | H8: Profesionalių bibliotekininkų skaičius | I8: Bibliotekų, turinčių kompiuterius, skaičius
I10: iš viso | J10: su internetu
B11: 1 | C11: 2 | D11: 3 | E11: 4 | F11: 5 | G11: 6 | H11: 7 | I11: 8 | J11: 9
B12: Alytaus apskr.
B13: Alytaus m. | C13: 3 | D13: 59900 | E13: 1288 | F13: 51393 | G13: 31129 | H13: 4 | I13: 3 | J13: 3
B14: Alytaus r. | C14: 2 | D14: 42852 | E14: 476 | F14: 11772 | G14: 11119 | H14: 3 | I14: 2 | J14: 2
B15: Druskininkų sav. | C15: 1 | D15: 20251 | E15: 686 | F15: 16312 | G15: 6954 | H15: 1 | I15: 1 | J15: 1
B16: Lazdijų r. | C16: 1 | D16: 13746 | E16: 523 | F16: 11238 | G16: 14422 | H16: 2 | I16: 1 | J16: 1
B17: Iš viso | C17: =SUM(C13:C16) -> 7 | D17: =SUM(D13:D16) -> 136749 | E17: =SUM(E13:E16) -> 2973 | F17: =SUM(F13:F16) -> 90715 | G17: =SUM(G13:G16) -> 63624 | H17: =SUM(H13:H16) -> 10 | I17: =SUM(I13:I16) -> 7 | J17: =SUM(J13:J16) -> 7
B18: Kauno apskr.
B19: Birštono sav. | C19: 1 | D19: 5100 | E19: 299 | F19: 6959 | G19: 5256 | H19: 1 | I19: 1 | J19: 1
B20: Jonavos r. | C20: 1 | D20: 22141 | E20: 1081 | F20: 30545 | G20: 23708 | H20: 4 | I20: 1 | J20: 1
B21: Kaišiadorių r. | C21: 1 | D21: 14349 | E21: 509 | F21: 7494 | G21: 6097 | H21: 2 | I21: 1 | J21: 1
B22: Kauno m. | C22: 18 | D22: 240986 | E22: 0* | F22: 594376 | G22: 412690 | H22: 52 | I22: 18 | J22: 18
B23: Kauno r. | C23: 4 | D23: 32916 | E23: 1262 | F23: 21832 | G23: 22750 | H23: 6 | I23: 4 | J23: 4
B24: Kėdainių r. | C24: 2 | D24: 35613 | E24: 1802 | F24: 90831 | G24: 32127 | H24: 4 | I24: 2 | J24: 2
B25: Prienų r. | C25: 1 | D25: 10296 | E25: 327 | F25: 4382 | G25: 3757 | H25: 2 | I25: 1 | J25: 1
B26: Raseinių r. | C26: 1 | D26: 12771 | E26: 630 | F26: 15909 | G26: 10188 | H26: 2 | I26: 1 | J26: 1
B27: Iš viso | C27: =SUM(C19:C26) -> 29 | D27: =SUM(D19:D26) -> 374172 | E27: =SUM(E19:E26) -> 5910 | F27: =SUM(F19:F26) -> 772328 | G27: =SUM(G19:G26) -> 516573 | H27: =SUM(H19:H26) -> 73 | I27: =SUM(I19:I26) -> 29 | J27: =SUM(J19:J26) -> 29
B28: Klaipėdos apskr.
B29: Klaipėdos m. | C29: 10 | D29: 197512 | E29: 10119 | F29: 349849 | G29: 216808 | H29: 28 | I29: 10 | J29: 10
B30: Klaipėdos r. | C30: 1 | D30: 16909 | E30: 657 | F30: 15967 | G30: 9392 | H30: 2 | I30: 1 | J30: 1
B31: Kretingos r. | C31: 1 | D31: 15780 | E31: 306 | F31: 16568 | G31: 6983 | H31: 2 | I31: 1 | J31: 1
B32: Neringos sav. | C32: 2 | D32: 48916 | E32: 669 | F32: 12362 | G32: 9425 | H32: 3 | I32: 2 | J32: 2
B33: Skuodo r. | C33: 1 | D33: 4379 | E33: 80 | F33: 6269 | G33: 3316 | H33: 1 | I33: 1 | J33: 1
B34: Iš viso | C34: =SUM(C29:C33) -> 15 | D34: =SUM(D29:D33) -> 283496 | E34: =SUM(E29:E33) -> 11831 | F34: =SUM(F29:F33) -> 401015 | G34: =SUM(G29:G33) -> 245924 | H34: =SUM(H29:H33) -> 36 | I34: =SUM(I29:I33) -> 15 | J34: =SUM(J29:J33) -> 15
B35: Marijampolės apskr.
B36: Marijampolės sav. | C36: 1 | D36: 17678 | E36: 1566 | F36: 32673 | G36: 36944 | H36: 4 | I36: 1 | J36: 1
B37: Šakių r. | C37: 2 | D37: 19096 | E37: 799 | F37: 11579 | G37: 6652 | H37: 3 | I37: 2 | J37: 2
B38: Vilkaviškio r. | C38: 2 | D38: 39192 | E38: 1668 | F38: 38499 | G38: 19944 | H38: 5 | I38: 2 | J38: 2
B39: Iš viso | C39: =SUM(C36:C38) -> 5 | D39: =SUM(D36:D38) -> 75966 | E39: =SUM(E36:E38) -> 4033 | F39: =SUM(F36:F38) -> 82751 | G39: =SUM(G36:G38) -> 63540 | H39: =SUM(H36:H38) -> 12 | I39: =SUM(I36:I38) -> 5 | J39: =SUM(J36:J38) -> 5
B40: Panevėžio apskr.
B41: Biržų r. | C41: 1 | D41: 10839 | E41: 208 | F41: 11012 | G41: 6302 | H41: 2 | I41: 1 | J41: 1
B42: Kupiškio r. | C42: 1 | D42: 15065 | E42: 493 | F42: 7508 | G42: 3000 | H42: 2 | I42: 1 | J42: 1
B43: Panevėžio m. | C43: 2 | D43: 32967 | E43: 1610 | F43: 41920 | G43: 22153 | H43: 8 | I43: 2 | J43: 2
B44: Panevėžio r. | C44: 1 | D44: 14503 | E44: 284 | F44: 41620 | G44: 4793 | H44: 2 | I44: 1 | J44: 1
B45: Pasvalio r. | C45: 1 | D45: 14312 | E45: 0* | F45: 17664 | G45: 14735 | H45: 2 | I45: 1 | J45: 1
B46: Rokiškio r. | C46: 3 | D46: 39521 | E46: 961 | F46: 43828 | G46: 25987 | H46: 5 | I46: 3 | J46: 3
B47: Iš viso | C47: =SUM(C41:C46) -> 9 | D47: =SUM(D41:D46) -> 127207 | E47: =SUM(E41:E46) -> 3556 | F47: =SUM(F41:F46) -> 163552 | G47: =SUM(G41:G46) -> 76970 | H47: =SUM(H41:H46) -> 21 | I47: =SUM(I41:I46) -> 9 | J47: =SUM(J41:J46) -> 9
B64: Apskritys, savivaldybės | C64: Bibliotekų filialų skaičius | D64: Dokumentų fondas iš viso (fiz.vnt.) | E64: Vartotojų skaičius | F64: Dokumentų išduotis (fiz.vnt.) | G64: Lankytojų (apsilankymų) skaičius | H64: Profesionalių bibliotekininkų skaičius | I64: Bibliotekų, turinčių kompiuterius, skaičius
I66: iš viso | J66: su internetu
B67: 1 | C67: 2 | D67: 3 | E67: 4 | F67: 5 | G67: 6 | H67: 7 | I67: 8 | J67: 9
B68: Šiaulių apskr.
B69: Akmenės r. | C69: 2 | D69: 37074 | E69: 1293 | F69: 20739 | G69: 8314 | H69: 4 | I69: 2 | J69: 2
B70: Joniškio r. | C70: 1 | D70: 13613 | E70: 525 | F70: 21136 | G70: 10293 | H70: 2 | I70: 1 | J70: 1
B71: Kelmės r. | C71: 2 | D71: 19777 | E71: 855 | F71: 14174 | G71: 18242 | H71: 4 | I71: 2 | J71: 2
B72: Pakruojo r. | C72: 1 | D72: 12361 | E72: 233 | F72: 11133 | G72: 6949 | H72: 2 | I72: 1 | J72: 1
B73: Radviliškio r. | C73: 1 | D73: 20183 | E73: 612 | F73: 11020 | G73: 18440 | H73: 2 | I73: 1 | J73: 1
B74: Šiaulių m. | C74: 5 | D74: 110553 | E74: 1945 | F74: 77058 | G74: 60325 | H74: 12 | I74: 5 | J74: 5
B75: Šiaulių r. | C75: 0 | D75: 0 | E75: 0 | F75: 0 | G75: 0 | H75: 0 | I75: 0 | J75: 0
B76: Iš viso | C76: =SUM(C69:C75) -> 12 | D76: =SUM(D69:D75) -> 213561 | E76: =SUM(E69:E75) -> 5463 | F76: =SUM(F69:F75) -> 155260 | G76: =SUM(G69:G75) -> 122563 | H76: =SUM(H69:H75) -> 26 | I76: =SUM(I69:I75) -> 12 | J76: =SUM(J69:J75) -> 12
B77: Tauragės apskr.
B78: Jurbarko r. | C78: 1 | D78: 10204 | E78: 121 | F78: 4216 | G78: 3340 | H78: 1 | I78: 1 | J78: 1
B79: Tauragės r. | C79: 2 | D79: 26518 | E79: 0* | F79: 8181 | G79: 10801 | H79: 4 | I79: 2 | J79: 2
B80: Iš viso | C80: =SUM(C78:C79) -> 3 | D80: =SUM(D78:D79) -> 36722 | E80: =SUM(E78:E79) -> 121 | F80: =SUM(F78:F79) -> 12397 | G80: =SUM(G78:G79) -> 14141 | H80: =SUM(H78:H79) -> 5 | I80: =SUM(I78:I79) -> 3 | J80: =SUM(J78:J79) -> 3
B81: Telšių apskr.
B82: Mažeikių r. | C82: 4 | D82: 36902 | E82: 1589 | F82: 31881 | G82: 22520 | H82: 8 | I82: 4 | J82: 4
B83: Plungės r. | C83: 1 | D83: 14053 | E83: 738 | F83: 18884 | G83: 22579 | H83: 2 | I83: 1 | J83: 1
B84: Telšių r. | C84: 2 | D84: 29689 | E84: 999 | F84: 29244 | G84: 14916 | H84: 4 | I84: 2 | J84: 2
B85: Iš viso | C85: =SUM(C82:C84) -> 7 | D85: =SUM(D82:D84) -> 80644 | E85: =SUM(E81:E84) -> 3326 | F85: =SUM(F82:F84) -> 80009 | G85: =SUM(G82:G84) -> 60015 | H85: =SUM(H82:H84) -> 14 | I85: =SUM(I82:I84) -> 7 | J85: =SUM(J82:J84) -> 7
B86: Utenos apskr.
B87: Anykščių r. | C87: 2 | D87: 18417 | E87: 752 | F87: 19456 | G87: 12041 | H87: 5 | I87: 2 | J87: 2
B88: Ignalinos r. | C88: 1 | D88: 9815 | E88: 74 | F88: 2436 | G88: 2490 | H88: 2 | I88: 1 | J88: 1
B89: Utenos r. | C89: 2 | D89: 45689 | E89: 734 | F89: 41863 | G89: 30564 | H89: 6 | I89: 2 | J89: 2
B90: Visagino sav. | C90: 1 | D90: 45504 | E90: 407 | F90: 10159 | G90: 11287 | H90: 5 | I90: 1 | J90: 1
B91: Zarasų r. | C91: 3 | D91: 29057 | E91: 1302 | F91: 32302 | G91: 19244 | H91: 6 | I91: 3 | J91: 3
B92: Iš viso | C92: =SUM(C87:C91) -> 9 | D92: =SUM(D87:D91) -> 148482 | E92: =SUM(E86:E91) -> 3269 | F92: =SUM(F87:F91) -> 106216 | G92: =SUM(G87:G91) -> 75626 | H92: =SUM(H87:H91) -> 24 | I92: =SUM(I87:I91) -> 9 | J92: =SUM(J87:J91) -> 9
B93: Vilniaus apskr.
B94: Elektrėnų sav. | C94: 1 | D94: 24987 | E94: 0* | F94: 7924 | G94: 8961 | H94: 3 | I94: 1 | J94: 1
B95: Šalčininkų r. | C95: 2 | D95: 36366 | E95: 1310 | F95: 32590 | G95: 21092 | H95: 6 | I95: 2 | J95: 2
B96: Švenčionių r. | C96: 2 | D96: 41123 | E96: 2434 | F96: 55597 | G96: 22279 | H96: 6 | I96: 2 | J96: 2
B97: Trakų r. | C97: 2 | D97: 56020 | E97: 0* | F97: 101984 | G97: 56769 | H97: 8 | I97: 2 | J97: 2
B98: Vilniaus m. | C98: 14 | D98: 332602 | E98: 18255 | F98: 621379 | G98: 466695 | H98: 70 | I98: 14 | J98: 14
B99: Vilniaus r. | C99: 1 | D99: 19212 | E99: 556 | F99: 11663 | G99: 6090 | H99: 2 | I99: 1 | J99: 1
B100: Iš viso | C100: =SUM(C94:C99) -> 22 | D100: =SUM(D94:D99) -> 510310 | E100: =SUM(E93:E99) -> 22555 | F100: =SUM(F94:F99) -> 831137 | G100: =SUM(G94:G99) -> 581886 | H100: =SUM(H94:H99) -> 95 | I100: =SUM(I94:I99) -> 22 | J100: =SUM(J94:J99) -> 22
B101: Iš viso šalyje | C101: =SUM(C100,C92,C85,C80,C76,C47,C39,C34,C27,C17) -> 118 | D101: =SUM(D100,D92,D85,D80,D76,D47,D39,D34,D27,D17) -> 1987309 | E101: =SUM(E100,E92,E85,E80,E76,E47,E39,E34,E27,E17) -> 63037 | F101: =SUM(F100,F92,F85,F80,F76,F47,F39,F34,F27,F17) -> 2695380 | G101: =SUM(G100,G92,G85,G80,G76,G47,G39,G34,G27,G17) -> 1820862 | H101: =SUM(H100,H92,H85,H80,H76,H47,H39,H34,H27,H17) -> 316 | I101: =SUM(I100,I92,I85,I80,I76,I47,I39,I34,I27,I17) -> 118 | J101: =SUM(J100,J92,J85,J80,J76,J47,J39,J34,J27,J17) -> 118
B102: 2021 m. | C102: 122 | D102: 2080555 | E102: 82091 | F102: 2503162 | G102: 1722767 | H102: 327 | I102: 122 | J102: 122
B103: Skirtumas (+, - ) | C103: =C101-C102 -> -4 | D103: =D101-D102 -> -93246 | E103: =E101-E102 -> -19054 | F103: =F101-F102 -> 192218 | G103: =G101-G102 -> 98095 | H103: =H101-H102 -> -11 | I103: =I101-I102 -> -4 | J103: =J101-J102 -> -4

Sheet KAIMO_FIL
C2: SVB KAIMO FILIALAI
C4: PAGRINDINIAI RODIKLIAI
C6: 2022 METAI
B9: Apskritys, savivaldybės | C9: Bibliotekų filialų skaičius | D9: Dokumentų fondas iš viso (fiz.vnt.) | E9: Vartotojų skaičius | F9: Dokumentų išduotis (fiz.vnt.) | G9: Lankytojų (apsilankymų) skaičius | H9: Profesionalių bibliotekininkų skaičius | I9: Bibliotekų, turinčių kompiuterius, skaičius
I11: iš viso | J11: su internetu
B12: 1 | C12: 2 | D12: 3 | E12: 4 | F12: 5 | G12: 6 | H12: 7 | I12: 8 | J12: 9
B13: Alytaus apskr.
B14: Alytaus m. | C14: 0 | D14: 0 | E14: 0 | F14: 0 | G14: 0 | H14: 0 | I14: 0 | J14: 0
B15: Alytaus r. | C15: 31 | D15: 181842 | E15: 3296 | F15: 89781 | G15: 58304 | H15: 33 | I15: 31 | J15: 31
B16: Druskininkų sav. | C16: 2 | D16: 23707 | E16: 710 | F16: 27134 | G16: 24674 | H16: 4 | I16: 2 | J16: 2
B17: Lazdijų r. | C17: 20 | D17: 91132 | E17: 2975 | F17: 49863 | G17: 61890 | H17: 18 | I17: 20 | J17: 20
B18: Varėnos r. | C18: 19 | D18: 78682 | E18: 2172 | F18: 51329 | G18: 34793 | H18: 19 | I18: 19 | J18: 19
B19: Iš viso | C19: =SUM(C14:C18) -> 72 | D19: =SUM(D14:D18) -> 375363 | E19: =SUM(E14:E18) -> 9153 | F19: =SUM(F14:F18) -> 218107 | G19: =SUM(G14:G18) -> 179661 | H19: =SUM(H14:H18) -> 74 | I19: =SUM(I14:I18) -> 72 | J19: =SUM(J14:J18) -> 72
B20: Kauno apskr.
B21: Birštono sav. | C21: 2 | D21: 7402 | E21: 266 | F21: 4550 | G21: 2320 | H21: 2 | I21: 2 | J21: 2
B22: Jonavos r. | C22: 15 | D22: 92266 | E22: 3810 | F22: 104578 | G22: 54850 | H22: 17 | I22: 15 | J22: 15
B23: Kaišiadorių r. | C23: 22 | D23: 93852 | E23: 2891 | F23: 45985 | G23: 45459 | H23: 20 | I23: 22 | J23: 22
B24: Kauno m. | C24: 0 | D24: 0 | E24: 0 | F24: 0 | G24: 0 | H24: 0 | I24: 0 | J24: 0
B25: Kauno r. | C25: 26 | D25: 163508 | E25: 8739 | F25: 164610 | G25: 126117 | H25: 30 | I25: 26 | J25: 26
B26: Kėdainių r. | C26: 37 | D26: 206697 | E26: 7051 | F26: 189071 | G26: 111961 | H26: 37 | I26: 37 | J26: 37
B27: Prienų r. | C27: 17 | D27: 96289 | E27: 3298 | F27: 64865 | G27: 34014 | H27: 19 | I27: 17 | J27: 17
B28: Raseinių r. | C28: 22 | D28: 100181 | E28: 3244 | F28: 79347 | G28: 57031 | H28: 22 | I28: 22 | J28: 22
B29: Iš viso | C29: =SUM(C21:C28) -> 141 | D29: =SUM(D21:D28) -> 760195 | E29: =SUM(E21:E28) -> 29299 | F29: =SUM(F21:F28) -> 653006 | G29: =SUM(G21:G28) -> 431752 | H29: =SUM(H21:H28) -> 147 | I29: =SUM(I21:I28) -> 141 | J29: =SUM(J21:J28) -> 141
B30: Klaipėdos apskr.
B31: Klaipėdos m. | C31: 0 | D31: 0 | E31: 0 | F31: 0 | G31: 0 | H31: 0 | I31: 0 | J31: 0
B32: Klaipėdos r. | C32: 22 | D32: 152538 | E32: 6857 | F32: 163993 | G32: 116649 | H32: 24 | I32: 22 | J32: 22
B33: Kretingos r. | C33: 18 | D33: 130234 | E33: 1770 | F33: 78244 | G33: 59089 | H33: 20 | I33: 18 | J33: 18
B34: Neringos sav. | C34: 0 | D34: 0 | E34: 0 | F34: 0 | G34: 0 | H34: 0 | I34: 0 | J34: 0
B35: Palangos m. sav. | C35: 0 | D35: 0 | E35: 0 | F35: 0 | G35: 0 | H35: 0 | I35: 0 | J35: 0
B36: Skuodo r. | C36: 13 | D36: 91715 | E36: 1241 | F36: 68665 | G36: 30475 | H36: 15 | I36: 13 | J36: 13
B37: Šilutės r. | C37: 21 | D37: 175122 | E37: 4260 | F37: 114260 | G37: 101670 | H37: 31 | I37: 21 | J37: 21
B38: Iš viso | C38: =SUM(C31:C37) -> 74 | D38: =SUM(D31:D37) -> 549609 | E38: =SUM(E31:E37) -> 14128 | F38: =SUM(F31:F37) -> 425162 | G38: =SUM(G31:G37) -> 307883 | H38: =SUM(H31:H37) -> 90 | I38: =SUM(I31:I37) -> 74 | J38: =SUM(J31:J37) -> 74
B39: Marijampolės apskr.
B40: Kalvarijos sav. | C40: 10 | D40: 54401 | E40: 1837 | F40: 52079 | G40: 33199 | H40: 10 | I40: 10 | J40: 10
B41: Kazlų Rūdos sav. | C41: 10 | D41: 52877 | E41: 1696 | F41: 29826 | G41: 20272 | H41: 10 | I41: 10 | J41: 10
B42: Marijampolės sav. | C42: 21 | D42: 103882 | E42: 4152 | F42: 106472 | G42: 61193 | H42: 22 | I42: 21 | J42: 21
B43: Šakių r. | C43: 15 | D43: 89930 | E43: 1611 | F43: 28710 | G43: 27481 | H43: 15 | I43: 15 | J43: 15
B44: Vilkaviškio r. | C44: 23 | D44: 145683 | E44: 3789 | F44: 66831 | G44: 56172 | H44: 23 | I44: 23 | J44: 23
B45: Iš viso | C45: =SUM(C40:C44) -> 79 | D45: =SUM(D40:D44) -> 446773 | E45: =SUM(E40:E44) -> 13085 | F45: =SUM(F40:F44) -> 283918 | G45: =SUM(G40:G44) -> 198317 | H45: =SUM(H40:H44) -> 80 | I45: =SUM(I40:I44) -> 79 | J45: =SUM(J40:J44) -> 79
B46: Panevėžio apskr.
B47: Biržų r. | C47: 19 | D47: 94691 | E47: 1675 | F47: 35517 | G47: 25940 | H47: 14 | I47: 19 | J47: 19
B48: Kupiškio r. | C48: 15 | D48: 120789 | E48: 2188 | F48: 59383 | G48: 32814 | H48: 15 | I48: 15 | J48: 15
B49: Panevėžio m. | C49: 0 | D49: 0 | E49: 0 | F49: 0 | G49: 0 | H49: 0 | I49: 0 | J49: 0
B50: Panevėžio r. | C50: 34 | D50: 158678 | E50: 3466 | F50: 209696 | G50: 71221 | H50: 34 | I50: 34 | J50: 34
B51: Pasvalio r. | C51: 31 | D51: 144183 | E51: 0* | F51: 104582 | G51: 115285 | H51: 27 | I51: 31 | J51: 31
B52: Rokiškio r. | C52: 34 | D52: 181687 | E52: 6096 | F52: 299506 | G52: 114972 | H52: 34 | I52: 34 | J52: 34
B53: Iš viso | C53: =SUM(C47:C52) -> 133 | D53: =SUM(D47:D52) -> 700028 | E53: =SUM(E47:E52) -> 13425 | F53: =SUM(F47:F52) -> 708684 | G53: =SUM(G47:G52) -> 360232 | H53: =SUM(H47:H52) -> 124 | I53: =SUM(I47:I52) -> 133 | J53: =SUM(J47:J52) -> 133
B63: Apskritys, savivaldybės | C63: Bibliotekų filialų skaičius | D63: Dokumentų fondas iš viso (fiz.vnt.) | E63: Vartotojų skaičius | F63: Dokumentų išduotis (fiz.vnt.) | G63: Lankytojų (apsilankymų) skaičius | H63: Profesionalių bibliotekininkų skaičius | I63: Bibliotekų, turinčių kompiuterius, skaičius
I65: iš viso | J65: su internetu
B66: 1 | C66: 2 | D66: 3 | E66: 4 | F66: 5 | G66: 6 | H66: 7 | I66: 8 | J66: 9
B67: Šiaulių apskr.
B68: Akmenės r. | C68: 11 | D68: 72709 | E68: 1678 | F68: 26473 | G68: 14746 | H68: 12 | I68: 11 | J68: 11
B69: Joniškio r. | C69: 16 | D69: 88699 | E69: 2298 | F69: 74338 | G69: 39895 | H69: 17 | I69: 16 | J69: 16
B70: Kelmės r. | C70: 15 | D70: 63302 | E70: 2047 | F70: 41203 | G70: 56353 | H70: 15 | I70: 15 | J70: 15
B71: Pakruojo r. | C71: 22 | D71: 103545 | E71: 2409 | F71: 86609 | G71: 67021 | H71: 21 | I71: 22 | J71: 22
B72: Radviliškio r. | C72: 24 | D72: 147549 | E72: 5232 | F72: 103013 | G72: 244708 | H72: 25 | I72: 24 | J72: 24
B73: Šiaulių m. | C73: 0 | D73: 0 | E73: 0 | F73: 0 | G73: 0 | H73: 0 | I73: 0 | J73: 0
B74: Šiaulių r. | C74: 24 | D74: 158519 | E74: 4913 | F74: 111039 | G74: 56992 | H74: 24 | I74: 24 | J74: 24
B75: Iš viso | C75: =SUM(C68:C74) -> 112 | D75: =SUM(D68:D74) -> 634323 | E75: =SUM(E68:E74) -> 18577 | F75: =SUM(F68:F74) -> 442675 | G75: =SUM(G68:G74) -> 479715 | H75: =SUM(H68:H74) -> 114 | I75: =SUM(I68:I74) -> 112 | J75: =SUM(J68:J74) -> 112
B76: Tauragės apskr.
B77: Jurbarko r. | C77: 23 | D77: 137575 | E77: 2151 | F77: 80692 | G77: 57508 | H77: 24 | I77: 23 | J77: 23
B78: Pagėgių sav. | C78: 8 | D78: 63530 | E78: 1061 | F78: 25780 | G78: 11414 | H78: 8 | I78: 8 | J78: 8
B79: Šilalės r. | C79: 23 | D79: 142555 | E79: 2883 | F79: 64893 | G79: 37233 | H79: 23 | I79: 23 | J79: 23
B80: Tauragės r. | C80: 24 | D80: 135351 | E80: 0* | F80: 70974 | G80: 72055 | H80: 23 | I80: 24 | J80: 24
B81: Iš viso | C81: =SUM(C77:C80) -> 78 | D81: =SUM(D77:D80) -> 479011 | E81: =SUM(E77:E80) -> 6095 | F81: =SUM(F77:F80) -> 242339 | G81: =SUM(G77:G80) -> 178210 | H81: =SUM(H77:H80) -> 78 | I81: =SUM(I77:I80) -> 78 | J81: =SUM(J77:J80) -> 78
B82: Telšių apskr.
B83: Mažeikių r. | C83: 20 | D83: 101415 | E83: 2309 | F83: 53907 | G83: 56661 | H83: 20 | I83: 20 | J83: 20
B84: Plungės r. | C84: 15 | D84: 85015 | E84: 2394 | F84: 53102 | G84: 51232 | H84: 15 | I84: 15 | J84: 15
B85: Rietavo sav. | C85: 6 | D85: 33063 | E85: 543 | F85: 13572 | G85: 7239 | H85: 6 | I85: 6 | J85: 6
B86: Telšių r. | C86: 26 | D86: 148449 | E86: 3149 | F86: 73798 | G86: 58941 | H86: 25 | I86: 26 | J86: 26
B87: Iš viso | C87: =SUM(C83:C86) -> 67 | D87: =SUM(D83:D86) -> 367942 | E87: =SUM(E83:E86) -> 8395 | F87: =SUM(F83:F86) -> 194379 | G87: =SUM(G83:G86) -> 174073 | H87: =SUM(H83:H86) -> 66 | I87: =SUM(I83:I86) -> 67 | J87: =SUM(J83:J86) -> 67
B88: Utenos apskr.
B89: Anykščių r. | C89: 21 | D89: 94336 | E89: 3452 | F89: 95358 | G89: 56338 | H89: 19 | I89: 21 | J89: 21
B90: Ignalinos r. | C90: 19 | D90: 92903 | E90: 1738 | F90: 54897 | G90: 40170 | H90: 21 | I90: 19 | J90: 19
B91: Molėtų r. | C91: 24 | D91: 101334 | E91: 3157 | F91: 91919 | G91: 84826 | H91: 24 | I91: 24 | J91: 24
B92: Utenos r. | C92: 20 | D92: 87585 | E92: 1626 | F92: 47051 | G92: 34758 | H92: 21 | I92: 20 | J92: 20
B93: Visagino sav. | C93: 0 | D93: 0 | E93: 0 | F93: 0 | G93: 0 | H93: 0 | I93: 0 | J93: 0
B94: Zarasų r. | C94: 13 | D94: 69361 | E94: 1980 | F94: 79677 | G94: 32185 | H94: 13 | I94: 13 | J94: 13
B95: Iš viso | C95: =SUM(C89:C94) -> 97 | D95: =SUM(D89:D94) -> 445519 | E95: =SUM(E89:E94) -> 11953 | F95: =SUM(F89:F94) -> 368902 | G95: =SUM(G89:G94) -> 248277 | H95: =SUM(H89:H94) -> 98 | I95: =SUM(I89:I94) -> 97 | J95: =SUM(J89:J94) -> 97
B96: Vilniaus apskr.
B97: Elektrėnų sav. | C97: 10 | D97: 87447 | E97: 0* | F97: 44206 | G97: 30796 | H97: 10 | I97: 10 | J97: 10
B98: Šalčininkų r. | C98: 22 | D98: 149965 | E98: 4195 | F98: 61519 | G98: 41900 | H98: 23 | I98: 22 | J98: 22
B99: Širvintų r. | C99: 18 | D99: 51843 | E99: 1275 | F99: 33502 | G99: 17958 | H99: 15 | I99: 18 | J99: 18
B100: Švenčionių r. | C100: 13 | D100: 60796 | E100: 1898 | F100: 34732 | G100: 23533 | H100: 10 | I100: 13 | J100: 13
B101: Trakų r. | C101: 13 | D101: 91925 | E101: 0* | F101: 77668 | G101: 47289 | H101: 13 | I101: 13 | J101: 13
B102: Ukmergės r. | C102: 27 | D102: 110466 | E102: 3181 | F102: 70582 | G102: 98453 | H102: 28 | I102: 27 | J102: 27
B103: Vilniaus m. | C103: 0 | D103: 0 | E103: 0 | F103: 0 | G103: 0 | H103: 0 | I103: 0 | J103: 0
B104: Vilniaus r. | C104: 40 | D104: 316039 | E104: 6359 | F104: 74680 | G104: 40972 | H104: 39 | I104: 40 | J104: 40
B105: Iš viso | C105: =SUM(C97:C104) -> 143 | D105: =SUM(D97:D104) -> 868481 | E105: =SUM(E97:E104) -> 16908 | F105: =SUM(F97:F104) -> 396889 | G105: =SUM(G97:G104) -> 300901 | H105: =SUM(H97:H104) -> 138 | I105: =SUM(I97:I104) -> 143 | J105: =SUM(J97:J104) -> 143
B106: Iš viso šalyje | C106: =SUM(C105,C95,C87,C81,C75,C53,C45,C38,C29,C19) -> 996 | D106: =SUM(D105,D95,D87,D81,D75,D53,D45,D38,D29,D19) -> 5627244 | E106: =SUM(E105,E95,E87,E81,E75,E53,E45,E38,E29,E19) -> 141018 | F106: =SUM(F105,F95,F87,F81,F75,F53,F45,F38,F29,F19) -> 3934061 | G106: =SUM(G105,G95,G87,G81,G75,G53,G45,G38,G29,G19) -> 2859021 | H106: =SUM(H105,H95,H87,H81,H75,H53,H45,H38,H29,H19) -> 1009 | I106: =SUM(I105,I95,I87,I81,I75,I53,I45,I38,I29,I19) -> 996 | J106: =SUM(J105,J95,J87,J81,J75,J53,J45,J38,J29,J19) -> 996
B107: 2021 m. | C107: 1009 | D107: 5755225 | E107: 138845 | F107: 3794189 | G107: 2489806 | H107: 1022 | I107: 1009 | J107: 1009
B108: Skirtumas (+, - ) | C108: =C106-C107 -> -13 | D108: =D106-D107 -> -127981 | E108: =E106-E107 -> 2173 | F108: =F106-F107 -> 139872 | G108: =G106-G107 -> 369215 | H108: =H106-H107 -> -13 | I108: =I106-I107 -> -13 | J108: =J106-J107 -> -13

Sheet VAIKŲ_FIL
C2: SVB VAIKŲ FILIALAI
C4: PAGRINDINIAI RODIKLIAI
C6: 2022 METAI
B8: Apskritys, savivaldybės | C8: Bibliotekų filialų skaičius | D8: Dokumentų fondas iš viso (fiz.vnt.) | E8: Vartotojų skaičius | F8: Dokumentų išduotis (fiz.vnt.) | G8: Lankytojų (apsilankymų) skaičius | H8: Profesionalių bibliotekininkų skaičius | I8: Bibliotekų, turinčių kompiuterius, skaičius
I10: iš viso | J10: su internetu
B11: 1 | C11: 2 | D11: 3 | E11: 4 | F11: 5 | G11: 6 | H11: 7 | I11: 8 | J11: 9
B12: Alytaus apskr. | C12: 0 | D12: 0 | E12: 0 | F12: 0 | G12: 0 | H12: 0 | I12: 0 | J12: 0
B13: Kauno apskr. | C13: 0 | D13: 0 | E13: 0 | F13: 0 | G13: 0 | H13: 0 | I13: 0 | J13: 0
B14: Klaipėdos apskr.
B15: Klaipėdos m. | C15: 1 | D15: 12502 | E15: 1261 | F15: 21764 | G15: 11924 | H15: 2 | I15: 1 | J15: 1
B16: Marijampolės apskr. | C16: 0 | D16: 0 | E16: 0 | F16: 0 | G16: 0 | H16: 0 | I16: 0 | J16: 0
B17: Panevėžio apskr.
B18: Panevėžio m. | C18: 4 | D18: 54940 | E18: 4457 | F18: 100619 | G18: 62769 | H18: 13 | I18: 4 | J18: 4
B19: Šiaulių apskr.
B20: Šiaulių m. | C20: 2 | D20: 41174 | E20: 1473 | F20: 58061 | G20: 31542 | H20: 6 | I20: 2 | J20: 2
B21: Tauragės apskr. | C21: 0 | D21: 0 | E21: 0 | F21: 0 | G21: 0 | H21: 0 | I21: 0 | J21: 0
B22: Telšių apskr. | C22: 0 | D22: 0 | E22: 0 | F22: 0 | G22: 0 | H22: 0 | I22: 0 | J22: 0
B23: Utenos apskr. | C23: 0 | D23: 0 | E23: 0 | F23: 0 | G23: 0 | H23: 0 | I23: 0 | J23: 0
B24: Vilniaus apskr.
B25: Vilniaus m. | C25: 1 | D25: 15863 | E25: 1399 | F25: 47574 | G25: 39691 | H25: 5 | I25: 1 | J25: 1
B26: Vilniaus raj. | C26: 1 | D26: 11518 | E26: 432 | F26: 5495 | G26: 2954 | H26: 2 | I26: 1 | J26: 1
B27: Iš viso | C27: =SUM(C25:C26) -> 2 | D27: =SUM(D24:D26) -> 27381 | E27: =SUM(E24:E26) -> 1831 | F27: =SUM(F24:F26) -> 53069 | G27: =SUM(G24:G26) -> 42645 | H27: =SUM(H24:H26) -> 7 | I27: =SUM(I24:I26) -> 2 | J27: =SUM(J24:J26) -> 2
B28: Iš viso šalyje | C28: =SUM(C12,C13,C15,C16,C18,C20,C21,C22,C23,C27) -> 9 | D28: =SUM(D12,D13,D15,D16,D18,D20,D21,D22,D23,D27) -> 135997 | E28: =SUM(E12,E13,E15,E16,E18,E20,E21,E22,E23,E27) -> 9022 | F28: =SUM(F12,F13,F15,F16,F18,F20,F21,F22,F23,F27) -> 233513 | G28: =SUM(G12,G13,G15,G16,G18,G20,G21,G22,G23,G27) -> 148880 | H28: =SUM(H12,H13,H15,H16,H18,H20,H21,H22,H23,H27) -> 28 | I28: =SUM(I12,I13,I15,I16,I18,I20,I21,I22,I23,I27) -> 9 | J28: =SUM(J12,J13,J15,J16,J18,J20,J21,J22,J23,J27) -> 9
B29: 2021 m. | C29: 9 | D29: 137832 | E29: 8999 | F29: 204723 | G29: 121431 | H29: 30 | I29: 9 | J29: 9
B30: Skirtumas (+, - ) | C30: =C28-C29 -> 0 | D30: =D28-D29 -> -1835 | E30: =E28-E29 -> 23 | F30: =F28-F29 -> 28790 | G30: =G28-G29 -> 27449 | H30: =H28-H29 -> -2 | I30: =I28-I29 -> 0 | J30: =J28-J29 -> 0

Sheet FILIALAI SU MOKYKLOMIS
C2: SVB KAIMO IR MIESTO FILIALAI
C3: (Veikia kartu su mokyklų bibliotekomis)
C4: PAGRINDINIAI RODIKLIAI
C6: 2022 METAI
B8: Apskritys, savivaldybės | C8: Bibliotekų filialų skaičius | D8: Dokumentų fondas iš viso (fiz.vnt.) | E8: Vartotojų skaičius | F8: Dokumentų išduotis (fiz.vnt.) | G8: Lankytojų (apsilankymų) skaičius | H8: Profesionalių bibliotekininkų skaičius | I8: Bibliotekų, turinčių kompiuterius, skaičius
I10: iš viso | J10: su internetu
B11: 1 | C11: 2 | D11: 3 | E11: 4 | F11: 5 | G11: 6 | H11: 7 | I11: 8 | J11: 9
B12: Alytaus apskr.
B13: Alytaus m. | C13: 0 | D13: 0 | E13: 0 | F13: 0 | G13: 0 | H13: 0 | I13: 0 | J13: 0
B14: Alytaus r. | C14: 7 | D14: 86938 | E14: 1302 | F14: 34318 | G14: 33229 | H14: 10 | I14: 7 | J14: 7
B15: Druskininkų sav. | C15: 0 | D15: 0 | E15: 0 | F15: 0 | G15: 0 | H15: 0 | I15: 0 | J15: 0
B16: Lazdijų r. | C16: 0 | D16: 0 | E16: 0 | F16: 0 | G16: 0 | H16: 0 | I16: 0 | J16: 0
B17: Varėnos r. | C17: 0 | D17: 0 | E17: 0 | F17: 0 | G17: 0 | H17: 0 | I17: 0 | J17: 0
B18: Iš viso | C18: =SUM(C13:C17) -> 7 | D18: =SUM(D13:D17) -> 86938 | E18: =SUM(E13:E17) -> 1302 | F18: =SUM(F13:F17) -> 34318 | G18: =SUM(G13:G17) -> 33229 | H18: =SUM(H13:H17) -> 10 | I18: =SUM(I13:I17) -> 7 | J18: =SUM(J13:J17) -> 7
B19: Kauno apskr.
B20: Birštono sav. | C20: 0 | D20: 0 | E20: 0 | F20: 0 | G20: 0 | H20: 0 | I20: 0 | J20: 0
B21: Jonavos r. | C21: 0 | D21: 0 | E21: 0 | F21: 0 | G21: 0 | H21: 0 | I21: 0 | J21: 0
B22: Kaišiadorių r. | C22: 0 | D22: 0 | E22: 0 | F22: 0 | G22: 0 | H22: 0 | I22: 0 | J22: 0
B23: Kauno m. | C23: 0 | D23: 0 | E23: 0 | F23: 0 | G23: 0 | H23: 0 | I23: 0 | J23: 0
B24: Kauno r. | C24: 0 | D24: 0 | E24: 0 | F24: 0 | G24: 0 | H24: 0 | I24: 0 | J24: 0
B25: Kėdainių r. | C25: 0 | D25: 0 | E25: 0 | F25: 0 | G25: 0 | H25: 0 | I25: 0 | J25: 0
B26: Prienų r. | C26: 0 | D26: 0 | E26: 0 | F26: 0 | G26: 0 | H26: 0 | I26: 0 | J26: 0
B27: Raseinių r. | C27: 0 | D27: 0 | E27: 0 | F27: 0 | G27: 0 | H27: 0 | I27: 0 | J27: 0
B28: Iš viso | C28: =SUM(C20:C27) -> 0 | D28: =SUM(D20:D27) -> 0 | E28: =SUM(E20:E27) -> 0 | F28: =SUM(F20:F27) -> 0 | G28: =SUM(G20:G27) -> 0 | H28: =SUM(H20:H27) -> 0 | I28: =SUM(I20:I27) -> 0 | J28: =SUM(J20:J27) -> 0
B29: Klaipėdos apskr.
B30: Klaipėdos m. | C30: 0 | D30: 0 | E30: 0 | F30: 0 | G30: 0 | H30: 0 | I30: 0 | J30: 0
B31: Klaipėdos r. | C31: 0 | D31: 0 | E31: 0 | F31: 0 | G31: 0 | H31: 0 | I31: 0 | J31: 0
B32: Kretingos r. | C32: 0 | D32: 0 | E32: 0 | F32: 0 | G32: 0 | H32: 0 | I32: 0 | J32: 0
B33: Neringos sav. | C33: 0 | D33: 0 | E33: 0 | F33: 0 | G33: 0 | H33: 0 | I33: 0 | J33: 0
B34: Palangos m. sav. | C34: 0 | D34: 0 | E34: 0 | F34: 0 | G34: 0 | H34: 0 | I34: 0 | J34: 0
B35: Skuodo r. | C35: 0 | D35: 0 | E35: 0 | F35: 0 | G35: 0 | H35: 0 | I35: 0 | J35: 0
B36: Šilutės r. | C36: 9 | D36: 88061 | E36: 2337 | F36: 61831 | G36: 67609 | H36: 16 | I36: 9 | J36: 9
B37: Iš viso | C37: =SUM(C30:C36) -> 9 | D37: =SUM(D30:D36) -> 88061 | E37: =SUM(E30:E36) -> 2337 | F37: =SUM(F30:F36) -> 61831 | G37: =SUM(G30:G36) -> 67609 | H37: =SUM(H30:H36) -> 16 | I37: =SUM(I30:I36) -> 9 | J37: =SUM(J30:J36) -> 9
B38: Marijampolės apskr.
B39: Kalvarijos sav. | C39: 0 | D39: 0 | E39: 0 | F39: 0 | G39: 0 | H39: 0 | I39: 0 | J39: 0
B40: Kazlų Rūdos sav. | C40: 0 | D40: 0 | E40: 0 | F40: 0 | G40: 0 | H40: 0 | I40: 0 | J40: 0
B41: Marijampolės sav. | C41: 1 | D41: 5590 | E41: 179 | F41: 3705 | G41: 2474 | H41: 1 | I41: 1 | J41: 1
B42: Šakių r. | C42: 0 | D42: 0 | E42: 0 | F42: 0 | G42: 0 | H42: 0 | I42: 0 | J42: 0
B43: Vilkaviškio r. | C43: 0 | D43: 0 | E43: 0 | F43: 0 | G43: 0 | H43: 0 | I43: 0 | J43: 0
B44: Iš viso | C44: =SUM(C39:C43) -> 1 | D44: =SUM(D39:D43) -> 5590 | E44: =SUM(E39:E43) -> 179 | F44: =SUM(F39:F43) -> 3705 | G44: =SUM(G39:G43) -> 2474 | H44: =SUM(H39:H43) -> 1 | I44: =SUM(I39:I43) -> 1 | J44: =SUM(J39:J43) -> 1
B45: Panevėžio apskr.
B46: Biržų r. | C46: 0 | D46: 0 | E46: 0 | F46: 0 | G46: 0 | H46: 0 | I46: 0 | J46: 0
B47: Kupiškio r. | C47: 6 | D47: 59920 | E47: 825 | F47: 22301 | G47: 16420 | H47: 5 | I47: 6 | J47: 6
B48: Panevėžio m. | C48: 0 | D48: 0 | E48: 0 | F48: 0 | G48: 0 | H48: 0 | I48: 0 | J48: 0
B49: Panevėžio r. | C49: 0 | D49: 0 | E49: 0 | F49: 0 | G49: 0 | H49: 0 | I49: 0 | J49: 0
B50: Pasvalio r. | C50: 0 | D50: 0 | E50: 0 | F50: 0 | G50: 0 | H50: 0 | I50: 0 | J50: 0
B51: Rokiškio r. | C51: 2 | D51: 20553 | E51: 413 | F51: 23325 | G51: 8636 | H51: 2 | I51: 2 | J51: 2
B52: Iš viso | C52: =SUM(C46:C51) -> 8 | D52: =SUM(D46:D51) -> 80473 | E52: =SUM(E46:E51) -> 1238 | F52: =SUM(F46:F51) -> 45626 | G52: =SUM(G46:G51) -> 25056 | H52: =SUM(H46:H51) -> 7 | I52: =SUM(I46:I51) -> 8 | J52: =SUM(J46:J51) -> 8
B62: Apskritys, savivaldybės | C62: Bibliotekų filialų skaičius | D62: Dokumentų fondas iš viso (fiz.vnt.) | E62: Vartotojų skaičius | F62: Dokumentų išduotis (fiz.vnt.) | G62: Lankytojų (apsilankymų) skaičius | H62: Profesionalių bibliotekininkų skaičius | I62: Bibliotekų, turinčių kompiuterius, skaičius
I64: iš viso | J64: su internetu
B65: 1 | C65: 2 | D65: 3 | E65: 4 | F65: 5 | G65: 6 | H65: 7 | I65: 8 | J65: 9
B66: Šiaulių apskr.
B67: Akmenės r. | C67: 0 | D67: 0 | E67: 0 | F67: 0 | G67: 0 | H67: 0 | I67: 0 | J67: 0
B68: Joniškio r. | C68: 0 | D68: 0 | E68: 0 | F68: 0 | G68: 0 | H68: 0 | I68: 0 | J68: 0
B69: Kelmės r. | C69: 2 | D69: 8110 | E69: 213 | F69: 4246 | G69: 5289 | H69: 2 | I69: 2 | J69: 2
B70: Pakruojo r. | C70: 0 | D70: 0 | E70: 0 | F70: 0 | G70: 0 | H70: 0 | I70: 0 | J70: 0
B71: Radviliškio r. | C71: 0 | D71: 0 | E71: 0 | F71: 0 | G71: 0 | H71: 0 | I71: 0 | J71: 0
B72: Šiaulių m. | C72: 0 | D72: 0 | E72: 0 | F72: 0 | G72: 0 | H72: 0 | I72: 0 | J72: 0
B73: Šiaulių r. | C73: 0 | D73: 0 | E73: 0 | F73: 0 | G73: 0 | H73: 0 | I73: 0 | J73: 0
B74: Iš viso | C74: =SUM(C67:C73) -> 2 | D74: =SUM(D67:D73) -> 8110 | E74: =SUM(E67:E73) -> 213 | F74: =SUM(F67:F73) -> 4246 | G74: =SUM(G67:G73) -> 5289 | H74: =SUM(H67:H73) -> 2 | I74: =SUM(I67:I73) -> 2 | J74: =SUM(J67:J73) -> 2
B75: Tauragės apskr.
B76: Jurbarko r. | C76: 1 | D76: 16274 | E76: 221 | F76: 11154 | G76: 6765 | H76: 2 | I76: 1 | J76: 1
B77: Pagėgių sav. | C77: 2 | D77: 15587 | E77: 326 | F77: 3514 | G77: 1400 | H77: 2 | I77: 2 | J77: 2
B78: Šilalės r. | C78: 0 | D78: 0 | E78: 0 | F78: 0 | G78: 0 | H78: 0 | I78: 0 | J78: 0
B79: Tauragės r. | C79: 0 | D79: 0 | E79: 0 | F79: 0 | G79: 0 | H79: 0 | I79: 0 | J79: 0
B80: Iš viso | C80: =SUM(C76:C79) -> 3 | D80: =SUM(D76:D79) -> 31861 | E80: =SUM(E76:E79) -> 547 | F80: =SUM(F76:F79) -> 14668 | G80: =SUM(G76:G79) -> 8165 | H80: =SUM(H76:H79) -> 4 | I80: =SUM(I76:I79) -> 3 | J80: =SUM(J76:J79) -> 3
B81: Telšių apskr.
B82: Mažeikių r. | C82: 0 | D82: 0 | E82: 0 | F82: 0 | G82: 0 | H82: 0 | I82: 0 | J82: 0
B83: Plungės r. | C83: 1 | D83: 10635 | E83: 181 | F83: 4636 | G83: 5280 | H83: 1 | I83: 1 | J83: 1
B84: Rietavo sav. | C84: 0 | D84: 0 | E84: 0 | F84: 0 | G84: 0 | H84: 0 | I84: 0 | J84: 0
B85: Telšių r. | C85: 0 | D85: 0 | E85: 0 | F85: 0 | G85: 0 | H85: 0 | I85: 0 | J85: 0
B86: Iš viso | C86: =SUM(C82:C85) -> 1 | D86: =SUM(D82:D85) -> 10635 | E86: =SUM(E82:E85) -> 181 | F86: =SUM(F82:F85) -> 4636 | G86: =SUM(G82:G85) -> 5280 | H86: =SUM(H82:H85) -> 1 | I86: =SUM(I82:I85) -> 1 | J86: =SUM(J82:J85) -> 1
B87: Utenos apskr.
B88: Anykščių r. | C88: 0 | D88: 0 | E88: 0 | F88: 0 | G88: 0 | H88: 0 | I88: 0 | J88: 0
B89: Ignalinos r. | C89: 0 | D89: 0 | E89: 0 | F89: 0 | G89: 0 | H89: 0 | I89: 0 | J89: 0
B90: Molėtų r. | C90: 5 | D90: 32258 | E90: 1073 | F90: 31646 | G90: 33717 | H90: 5 | I90: 5 | J90: 5
B91: Utenos r. | C91: 5 | D91: 38770 | E91: 618 | F91: 15267 | G91: 15964 | H91: 6 | I91: 5 | J91: 5
B92: Visagino sav. | C92: 0 | D92: 0 | E92: 0 | F92: 0 | G92: 0 | H92: 0 | I92: 0 | J92: 0
B93: Zarasų r. | C93: 1 | D93: 18460 | E93: 778 | F93: 19809 | G93: 12493 | H93: 3 | I93: 1 | J93: 1
B94: Iš viso | C94: =SUM(C88:C93) -> 11 | D94: =SUM(D88:D93) -> 89488 | E94: =SUM(E88:E93) -> 2469 | F94: =SUM(F88:F93) -> 66722 | G94: =SUM(G88:G93) -> 62174 | H94: =SUM(H88:H93) -> 14 | I94: =SUM(I88:I93) -> 11 | J94: =SUM(J88:J93) -> 11
B95: Vilniaus apskr.
B96: Elektrėnų sav. | C96: 0 | D96: 0 | E96: 0 | F96: 0 | G96: 0 | H96: 0 | I96: 0 | J96: 0
B97: Šalčininkų r. | C97: 0 | D97: 0 | E97: 0 | F97: 0 | G97: 0 | H97: 0 | I97: 0 | J97: 0
B98: Širvintų r. | C98: 0 | D98: 0 | E98: 0 | F98: 0 | G98: 0 | H98: 0 | I98: 0 | J98: 0
B99: Švenčionių r. | C99: 0 | D99: 0 | E99: 0 | F99: 0 | G99: 0 | H99: 0 | I99: 0 | J99: 0
B100: Trakų r. | C100: 1 | D100: 6917 | E100: 0* | F100: 2071 | G100: 1912 | H100: 1 | I100: 1 | J100: 1
B101: Ukmergės r. | C101: 2 | D101: 16023 | E101: 298 | F101: 4645 | G101: 5506 | H101: 2 | I101: 2 | J101: 2
B102: Vilniaus m. | C102: 0 | D102: 0 | E102: 0 | F102: 0 | G102: 0 | H102: 0 | I102: 0 | J102: 0
B103: Vilniaus r. | C103: 0 | D103: 0 | E103: 0 | F103: 0 | G103: 0 | H103: 0 | I103: 0 | J103: 0
B104: Iš viso | C104: =SUM(C96:C103) -> 3 | D104: =SUM(D96:D103) -> 22940 | E104: =SUM(E96:E103) -> 298 | F104: =SUM(F96:F103) -> 6716 | G104: =SUM(G96:G103) -> 7418 | H104: =SUM(H96:H103) -> 3 | I104: =SUM(I96:I103) -> 3 | J104: =SUM(J96:J103) -> 3
B105: Iš viso šalyje | C105: =SUM(C104,C94,C86,C80,C74,C52,C44,C37,C28,C18) -> 45 | D105: =SUM(D104,D94,D86,D80,D74,D52,D44,D37,D28,D18) -> 424096 | E105: =SUM(E104,E94,E86,E80,E74,E52,E44,E37,E28,E18) -> 8764 | F105: =SUM(F104,F94,F86,F80,F74,F52,F44,F37,F28,F18) -> 242468 | G105: =SUM(G104,G94,G86,G80,G74,G52,G44,G37,G28,G18) -> 216694 | H105: =SUM(H104,H94,H86,H80,H74,H52,H44,H37,H28,H18) -> 58 | I105: =SUM(I104,I94,I86,I80,I74,I52,I44,I37,I28,I18) -> 45 | J105: =SUM(J104,J94,J86,J80,J74,J52,J44,J37,J28,J18) -> 45
B106: 2021 m. | C106: 45 | D106: 427779 | E106: 7102 | F106: 233620 | G106: 193015 | H106: 57 | I106: 45 | J106: 45
B107: Skirtumas (+,-) | C107: =C105-C106 -> 0 | D107: =D105-D106 -> -3683 | E107: =E105-E106 -> 1662 | F107: =F105-F106 -> 8848 | G107: =G105-G106 -> 23679 | H107: =H105-H106 -> 1 | I107: =I105-I106 -> 0 | J107: =J105-J106 -> 0

Sheet MUZIEJŲ, KULTŪROS ĮSTAIGŲ
B4: MUZIEJŲ,
B5: KITŲ KULTŪROS ĮSTAIGŲ BIBLIOTEKOS
B8: PAGRINDINIAI RODIKLIAI
H10: 2022 metai
C12: Bibliotekų skaičius | D12: Dokumentų fondas ių viso (fiz.vnt.) | E12: Vartotojų skaičius | F12: Dokumentų išduotis (fiz.vnt.) | G12: Lankytojų (apsilankymų) skaičius | H12: Profesionalių bibliotekininkų skaičius | I12: Bibliotekų, turinčių kompiuterius, skaičius
I14: Iš viso | J14: su internetu
B16: 1 | C16: 2 | D16: 3 | E16: 4 | F16: 5 | G16: 6 | H16: 7 | I16: 8 | J16: 9
B17: Kultūros įstaigų (centrų, archyvų) bibliotekos | C17: 1 | D17: 9076 | E17: 221 | F17: 6812 | G17: 3826 | H17: 1 | I17: 1 | J17: 1
B18: 2021 m. | C18: 1 | D18: 8857 | E18: 230 | F18: 7506 | G18: 3539 | H18: 1 | I18: 1 | J18: 1
B19: Skirtumas (+, -) | C19: =SUM(C17-C18) -> 0 | D19: =SUM(D17-D18) -> 219 | E19: =SUM(E17-E18) -> -9 | F19: =SUM(F17-F18) -> -694 | G19: =SUM(G17-G18) -> 287 | H19: =SUM(H17-H18) -> 0 | I19: =SUM(I17-I18) -> 0 | J19: =SUM(J17-J18) -> 0
B20: Muziejų | C20: 16 | D20: 544510 | E20: 815 | F20: 4244 | G20: 6332 | H20: 16 | I20: 14 | J20: 14
B21: 2021 m. | C21: 16 | D21: 499667 | E21: 728 | F21: 4065 | G21: 4218 | H21: 18 | I21: 14 | J21: 14
B22: Skirtumas (+, -) | C22: =SUM(C20-C21) -> 0 | D22: =SUM(D20-D21) -> 44843 | E22: =SUM(E20-E21) -> 87 | F22: =SUM(F20-F21) -> 179 | G22: =SUM(G20-G21) -> 2114 | H22: =SUM(H20-H21) -> -2 | I22: =SUM(I20-I21) -> 0 | J22: =SUM(J20-J21) -> 0

Sheet LMAB,LMIB
B2: LIETUVOS MOKSLŲ AKADEMIJOS VRUBLEVSKIŲ BIBLIOTEKA
B3: LIETUVOS MOKSLO INSTITUTŲ BIBLIOTEKOS
I5: 2022 METAI
B6: PAGRINDINIAI RODIKLIAI
C8: Bibliotekų skaičius | D8: Dokumentų fondas iš viso (fiz.vnt.) | E8: Vartotojų skaičius | F8: Dokumentų išduotis (fiz.vnt.) | G8: Lankytojų (apsilankymų) skaičius | H8: Profesionalių bibliotekininkų skaičius | I8: Bibliotekų, turinčių kompiuterius, skaičius
I10: iš viso | J10: su internetu
B12: 1 | C12: 2 | D12: 3 | E12: 4 | F12: 5 | G12: 6 | H12: 7 | I12: 8 | J12: 9
B13: Lietuvos mokslų akademijos Vrublevskių biblioteka | C13: 1 | D13: 3701827 | E13: 9012 | F13: 64147 | G13: 26516 | H13: 96 | I13: 1 | J13: 1
B14: 2021 m. | C14: 1 | D14: 3720746 | E14: 9530 | F14: 57684 | G14: 21802 | H14: 96 | I14: 1 | J14: 1
B15: Skirtumas | C15: =SUM(C13-C14) -> 0 | D15: =SUM(D13-D14) -> -18919 | E15: =SUM(E13-E14) -> -518 | F15: =SUM(F13-F14) -> 6463 | G15: =SUM(G13-G14) -> 4714 | H15: =SUM(H13-H14) -> 0 | I15: =SUM(I13-I14) -> 0 | J15: =SUM(J13-J14) -> 0
B16: Lietuvos mokslo institutų | C16: 3 | D16: 626118 | E16: 197 | F16: 4087 | G16: 1037 | H16: 10 | I16: 3 | J16: 3
B17: 2021 m. | C17: 3 | D17: 626091 | E17: 233 | F17: 9443 | G17: 1142 | H17: 9 | I17: 3 | J17: 3
B18: Skirtumas | C18: =SUM(C16-C17) -> 0 | D18: =SUM(D16-D17) -> 27 | E18: =SUM(E16-E17) -> -36 | F18: =SUM(F16-F17) -> -5356 | G18: =SUM(G16-G17) -> -105 | H18: =SUM(H16-H17) -> 1 | I18: =SUM(I16-I17) -> 0 | J18: =SUM(J16-J17) -> 0
B19: Iš viso (LMAVB+LMIB) | C19: =SUM(C13,C16) -> 4 | D19: =SUM(D13,D16) -> 4327945 | E19: =SUM(E13,E16) -> 9209 | F19: =SUM(F13,F16) -> 68234 | G19: =SUM(G13,G16) -> 27553 | H19: =SUM(H13,H16) -> 106 | I19: =SUM(I13,I16) -> 4 | J19: =SUM(J13,J16) -> 4
B20: 2021 m. | C20: 4 | D20: 4346837 | E20: 9763 | F20: 67127 | G20: 22944 | H20: 105 | I20: 4 | J20: 4
B21: Skirtumas | C21: =SUM(C19-C20) -> 0 | D21: =D19-D20 -> -18892 | E21: =E19-E20 -> -554 | F21: =F19-F20 -> 1107 | G21: =G19-G20 -> 4609 | H21: =H19-H20 -> 1 | I21: =I19-I20 -> 0 | J21: =J19-J20 -> 0

Sheet SPECIALIOSIOS
B2: SPECIALIOSIOS BIBLIOTEKOS
I4: 2022 METAI
B5: PAGRINDINIAI RODIKLIAI
C7: Bibliotekų skaičius | D7: Dokumentų fondas iš viso (fiz.vnt.) | E7: Vartotojų skaičius | F7: Dokumentų išduotis (fiz.vnt.) | G7: Lankytojų (apsilankymų) skaičius | H7: Profesionalių bibliotekininkų skaičius | I7: Bibliotekų, turinčių kompiuterius, skaičius
I9: Iš viso | J9: su internetu
B11: 1 | C11: 2 | D11: 3 | E11: 4 | F11: 5 | G11: 6 | H11: 7 | I11: 8 | J11: 9
B12: Krašto apsaugos ministerijai pavaldžios bibliotekos | C12: 6 | D12: 107219 | E12: 1460 | F12: 14894 | G12: 5592 | H12: 3 | I12: 6 | J12: 6
B13: 2021 m. | C13: 6 | D13: 109642 | E13: 1794 | F13: 18001 | G13: 7793 | H13: 5 | I13: 6 | J13: 6
B14: Skirtumas (+, -) | C14: =SUM(C12-C13) -> 0 | D14: =SUM(D12-D13) -> -2423 | E14: =SUM(E12-E13) -> -334 | F14: =SUM(F12-F13) -> -3107 | G14: =SUM(G12-G13) -> -2201 | H14: =SUM(H12-H13) -> -2 | I14: =SUM(I12-I13) -> 0 | J14: =SUM(J12-J13) -> 0
B15: Valdymo institucijų | C15: 1 | D15: 6127 | E15: 129 | F15: 711 | G15: 0 | H15: 1 | I15: 1 | J15: 1
B16: 2021 m. | C16: 1 | D16: 6123 | E16: 134 | F16: 746 | G16: 0 | H16: 1 | I16: 1 | J16: 1
B17: Skirtumas (+, -) | C17: =SUM(C15-C16) -> 0 | D17: =SUM(D15-D16) -> 4 | E17: =SUM(E15-E16) -> -5 | F17: =SUM(F15-F16) -> -35 | G17: =SUM(G15-G16) -> 0 | H17: =SUM(H15-H16) -> 0 | I17: =SUM(I15-I16) -> 0 | J17: =SUM(J15-J16) -> 0
B18: Techninės bibliotekos | C18: 2 | D18: 19086 | E18: 438 | F18: 395 | G18: 0 | H18: 1 | I18: 2 | J18: 2
B19: 2021 m. | C19: 2 | D19: 52306 | E19: 480 | F19: 430 | G19: 1020 | H19: 2 | I19: 2 | J19: 2
B20: Skirtumas (+, -) | C20: =C18-C19 -> 0 | D20: =D18-D19 -> -33220 | E20: =E18-E19 -> -42 | F20: =F18-F19 -> -35 | G20: =G18-G19 -> -1020 | H20: =H18-H19 -> -1 | I20: =I18-I19 -> 0 | J20: =J18-J19 -> 0
B21: Lietuvos medicinos biblioteka | C21: 1 | D21: 545197 | E21: 832 | F21: 10669 | G21: 8124 | H21: 25 | I21: 1 | J21: 1
B22: Sveikatos priežiūros įstaigų | C22: 4 | D22: 52656 | E22: 1221 | F22: 33456 | G22: 7456 | H22: 6 | I22: 5 | J22: 5
B23: Iš viso | C23: =SUM(C21,C22) -> 5 | D23: =SUM(D21,D22) -> 597853 | E23: =SUM(E21,E22) -> 2053 | F23: =SUM(F21,F22) -> 44125 | G23: =SUM(G21,G22) -> 15580 | H23: =SUM(H21,H22) -> 31 | I23: =SUM(I21,I22) -> 6 | J23: =SUM(J21,J22) -> 6
B24: 2021 m. | C24: 6 | D24: 612999 | E24: 2621 | F24: 48967 | G24: 13601 | H24: 31 | I24: 6 | J24: 6
B25: Skirtumas (+, -) | C25: =C23-C24 -> -1 | D25: =SUM(D23-D24) -> -15146 | E25: =E23-E24 -> -568 | F25: =F23-F24 -> -4842 | G25: =G23-G24 -> 1979 | H25: =H23-H24 -> 0 | I25: =I23-I24 -> 0 | J25: =J23-J24 -> 0
B26: Žemės ūkio bibliotekos | C26: 1 | D26: 296350 | E26: 223 | F26: 452 | G26: 299 | H26: 2 | I26: 1 | J26: 1
B27: 2021 m. | C27: 1 | D27: 295872 | E27: 214 | F27: 457 | G27: 299 | H27: 2 | I27: 1 | J27: 1
B28: Skirtumas (+, -) | C28: =C26-C27 -> 0 | D28: =D26-D27 -> 478 | E28: =E26-E27 -> 9 | F28: =F26-F27 -> -5 | G28: =G26-G27 -> 0 | H28: =H26-H27 -> 0 | I28: =I26-I27 -> 0 | J28: =J26-J27 -> 0
B29: Iš viso 2022 m. | C29: =SUM(C12,C15,C18,C23,C26) -> 15 | D29: =SUM(D12,D15,D18,D23,D26) -> 1026635 | E29: =SUM(E12,E15,E18,E23,E26) -> 4303 | F29: =SUM(F12,F15,F18,F23,F26) -> 60577 | G29: =SUM(G12,G15,G18,G23,G26) -> 21471 | H29: =SUM(H12,H15,H18,H23,H26) -> 38 | I29: =SUM(I12,I15,I18,I23,I26) -> 16 | J29: =SUM(J12,J15,J18,J23,J26) -> 16
B30: 2021 m. | C30: 16 | D30: 1076942 | E30: 5243 | F30: 68601 | G30: 22713 | H30: 41 | I30: 16 | J30: 16
B31: Skirtumas (+, -) | C31: =C29-C30 -> -1 | D31: =D29-D30 -> -50307 | E31: =E29-E30 -> -940 | F31: =F29-F30 -> -8024 | G31: =G29-G30 -> -1242 | H31: =H29-H30 -> -3 | I31: =I29-I30 -> 0 | J31: =J29-J30 -> 0

Sheet AMB_VALSTB_NEVALSTB
B2: AUKŠTŲJŲ MOKYKLŲ BIBLIOTEKOS
B3: (Valstybinių, nevalstybinių aukštųjų - universitetinių, kolegijų bibliotekos)
I5: 2022 m.
C7: Bibliotekų skaičius | D7: Jose:
D8: Dokumentų fondas (fiz.vnt.) | E8: Vartotojų skaičius | F8: Dokumentų išduotis (fiz.vnt.) | G8: Lankytojų (apsilankymų) skaičius | H8: Profesionalių bibliotekininkų skaičius | I8: Kompiuterių skaičius vartotojams | J8: Iš jų: su interneto prieiga
B11: 1 | C11: 2 | D11: 3 | E11: 4 | F11: 5 | G11: 6 | H11: 7 | I11: 8 | J11: 9
B12: Valstybiniai universitetai | C12: 11 | D12: 9108777 | E12: 111873 | F12: 666072 | G12: 1448648 | H12: 342 | I12: 1594 | J12: 1584
B13: Valstybinės kolegijos | C13: 12 | D13: 795128 | E13: 26395 | F13: 224691 | G13: 266661 | H13: 59 | I13: 543 | J13: 526
B14: Iš viso | C14: =SUM(C12,C13) -> 23 | D14: =SUM(D12,D13) -> 9903905 | E14: =SUM(E13,E12) -> 138268 | F14: =SUM(F13,F12) -> 890763 | G14: =SUM(G13,G12) -> 1715309 | H14: =SUM(H13,H12) -> 401 | I14: =SUM(I12,I13) -> 2137 | J14: =SUM(J12,J13) -> 2110
B15: 2021 m. | C15: 23 | D15: 10050626 | E15: 139520 | F15: 936708 | G15: 841800 | H15: 419 | I15: 2028 | J15: 1494
B16: Skirtumas (+, -) | C16: 0 | D16: =D14-D15 -> -146721 | E16: =E14-E15 -> -1252 | F16: =F14-F15 -> -45945 | G16: =G14-G15 -> 873509 | H16: =H14-H15 -> -18 | I16: =I14-I15 -> 109 | J16: =J14-J15 -> 616
B17: Nevalstybinės aukštosios | C17: 5 | D17: 171871 | E17: 3855 | F17: 32558 | G17: 31775 | H17: 8 | I17: 65 | J17: 65
B18: Nevalstybinės kolegijos | C18: 6 | D18: 64571 | E18: 3982 | F18: 4796 | G18: 10843 | H18: 9 | I18: 71 | J18: 71
B19: Iš viso | C19: =SUM(C17,C18) -> 11 | D19: =SUM(D17,D18) -> 236442 | E19: =SUM(E17,E18) -> 7837 | F19: =SUM(F17,F18) -> 37354 | G19: =SUM(G17,G18) -> 42618 | H19: =SUM(H17,H18) -> 17 | I19: =SUM(I17,I18) -> 136 | J19: =SUM(J17,J18) -> 136
B20: 2021 m. | C20: 12 | D20: 259300 | E20: 10381 | F20: 34187 | G20: 33208 | H20: 22 | I20: 177 | J20: 130
B21: Skirtumas (+, -) | C21: =C19-C20 -> -1 | D21: =D19-D20 -> -22858 | E21: =E19-E20 -> -2544 | F21: =F19-F20 -> 3167 | G21: =G19-G20 -> 9410 | H21: =H19-H20 -> -5 | I21: =I19-I20 -> -41 | J21: =J19-J20 -> 6
B22: Universitetai (valst.+nevalst.) | C22: =SUM(C12,C17) -> 16 | D22: =SUM(D12,D17) -> 9280648 | E22: =SUM(E12,E17) -> 115728 | F22: =SUM(F12,F17) -> 698630 | G22: =SUM(G12,G17) -> 1480423 | H22: =SUM(H12,H17) -> 350 | I22: =SUM(I12,I17) -> 1659 | J22: =SUM(J12,J17) -> 1649
B23: Kolegijos (valst.+nevalst.) | C23: =SUM(C13,C18) -> 18 | D23: =SUM(D13,D18) -> 859699 | E23: =SUM(E13,E18) -> 30377 | F23: =SUM(F13,F18) -> 229487 | G23: =SUM(G13,G18) -> 277504 | H23: =SUM(H13,H18) -> 68 | I23: =SUM(I13,I18) -> 614 | J23: =SUM(J18,J13) -> 597
B24: Iš viso | C24: =SUM(C22,C23) -> 34 | D24: =SUM(D22,D23) -> 10140347 | E24: =SUM(E22,E23) -> 146105 | F24: =SUM(F22,F23) -> 928117 | G24: =SUM(G22,G23) -> 1757927 | H24: =SUM(H22,H23) -> 418 | I24: =SUM(I22,I23) -> 2273 | J24: =SUM(J22,J23) -> 2246
B25: 2021 m. | C25: 35 | D25: 10309926 | E25: 149901 | F25: 970895 | G25: 875008 | H25: 441 | I25: 2205 | J25: 1624
B26: Skirtumas (+, -) | C26: =C24-C25 -> -1 | D26: =D24-D25 -> -169579 | E26: =E24-E25 -> -3796 | F26: =F24-F25 -> -42778 | G26: =G24-G25 -> 882919 | H26: =H24-H25 -> -23 | I26: =I24-I25 -> 68 | J26: =J24-J25 -> 622

Sheet VALST_AMB_KB
B2: VALSTYBINIŲ AUKŠTŲJŲ (UNIVERSITETINIŲ, KOLEGIJŲ) MOKYKLŲ BIBLIOTEKOS
I5: 2022 m.
B7: Universitetai | C7: Bibliotekų skaičius | D7: Jose:
D8: Dokumentų fondas (fiz.vnt.) | E8: Vartotojų skaičius | F8: Dokumentų išduotis (fiz.vnt.) | G8: Lankytojų (apsilankymų) skaičius | H8: Profesionalių bibliotekininkų skaičius | I8: Kompiuterių skaičius vartotojams | J8: Iš jų: su interneto prieiga
B11: 1 | C11: 2 | D11: 3 | E11: 4 | F11: 5 | G11: 6 | H11: 7 | I11: 8 | J11: 9
B12: Kauno technologijos universitetas | C12: 1 | D12: 868644 | E12: 12013 | F12: 84943 | G12: 166739 | H12: 42 | I12: 197 | J12: 197
B13: Lietuvos sporto universitetas | C13: 1 | D13: 86884 | E13: 2454 | F13: 3995 | G13: 9853 | H13: 9 | I13: 59 | J13: 59
B14: Lietuvos sveikatos mokslų universitetas | C14: 1 | D14: 626154 | E14: 18083 | F14: 182041 | G14: 292119 | H14: 30 | I14: 188 | J14: 182
B15: Vytauto Didžiojo universitetas | C15: 1 | D15: 1025821 | E15: 12029 | F15: 44933 | G15: 105424 | H15: 45 | I15: 262 | J15: 262
B16: Klaipėdos universitetas | C16: 1 | D16: 307602 | E16: 1830 | F16: 29611 | G16: 12868 | H16: 17 | I16: 43 | J16: 43
B17: Generolo Jono Žemaičio Lietuvos karo akademija | C17: 1 | D17: 315090 | E17: 1568 | F17: 13573 | G17: 15703 | H17: 16 | I17: 28 | J17: 27
B18: Lietuvos muzikos ir teatro akademija | C18: 1 | D18: 308749 | E18: 1890 | F18: 11814 | G18: 14666 | H18: 11 | I18: 40 | J18: 40
B19: Mykolo Romerio universitetas | C19: 1 | D19: 190184 | E19: 9697 | F19: 43374 | G19: 61489 | H19: 17 | I19: 93 | J19: 90
B20: Vilniaus dailės akademija | C20: 1 | D20: 109123 | E20: 2730 | F20: 31511 | G20: 15916 | H20: 11 | I20: 26 | J20: 26
B21: Vilniaus Gedimino technikos universitetas | C21: 1 | D21: 375846 | E21: 9771 | F21: 39871 | G21: 112457 | H21: 37 | I21: 48 | J21: 48
B22: Vilniaus universitetas | C22: 1 | D22: 4894680 | E22: 39808 | F22: 180406 | G22: 641414 | H22: 107 | I22: 610 | J22: 610
B23: Iš viso | C23: =SUM(C12:C22) -> 11 | D23: =SUM(D12:D22) -> 9108777 | E23: =SUM(E12:E22) -> 111873 | F23: =SUM(F12:F22) -> 666072 | G23: =SUM(G12:G22) -> 1448648 | H23: =SUM(H12:H22) -> 342 | I23: =SUM(I12:I22) -> 1594 | J23: =SUM(J12:J22) -> 1584
B24: 2021 m. | C24: 11 | D24: 9238143 | E24: 110873 | F24: 647031 | G24: 635222 | H24: 355 | I24: 1559 | J24: 1031
B25: Skirtumas (+, -) | C25: =C23-C24 -> 0 | D25: =D23-D24 -> -129366 | E25: =E23-E24 -> 1000 | F25: =F23-F24 -> 19041 | G25: =G23-G24 -> 813426 | H25: =H23-H24 -> -13 | I25: =I23-I24 -> 35 | J25: =J23-J24 -> 553
B27: Kolegijos | C27: Bibliotekų skaičius | D27: Jose:
D28: Dokumentų fondas (fiz.vnt.) | E28: Vartotojų skaičius | F28: Dokumentų išduotis (fiz.vnt.) | G28: Lankytojų (apsilankymų) skaičius | H28: Profesionalių bibliotekininkų skaičius | I28: Kompiuterių skaičius vartotojams | J28: Iš jų: su interneto prieiga
B31: 1 | C31: 2 | D31: 3 | E31: 4 | F31: 5 | G31: 6 | H31: 7 | I31: 8 | J31: 9
B32: Alytaus kolegija | C32: 1 | D32: 22113 | E32: 1650 | F32: 1553 | G32: 8250 | H32: 2 | I32: 44 | J32: 44
B33: Kauno kolegija | C33: 1 | D33: 86050 | E33: 5118 | F33: 46335 | G33: 88327 | H33: 8 | I33: 67 | J33: 50
B34: Kauno technikos kolegija | C34: 1 | D34: 18935 | E34: 459 | F34: 2618 | G34: 4675 | H34: 2 | I34: 23 | J34: 23
B35: Kauno miškų ir aplinkos inžinerijos kolegija | C35: 1 | D35: 44647 | E35: 204 | F35: 532 | G35: 725 | H35: 1 | I35: 37 | J35: 37
B36: Klaipėdos valstybinė kolegija | C36: 1 | D36: 102901 | E36: 2745 | F36: 26225 | G36: 49654 | H36: 8 | I36: 106 | J36: 106
B37: Lietuvos aukštoji jūreivystės mokykla | C37: 1 | D37: 30344 | E37: 1059 | F37: 7043 | G37: 15000 | H37: 2 | I37: 23 | J37: 23
B38: Marijampolės kolegija | C38: 1 | D38: 24798 | E38: 356 | F38: 4717 | G38: 2873 | H38: 3 | I38: 19 | J38: 19
B39: Panevėžio kolegija | C39: 1 | D39: 59272 | E39: 1199 | F39: 23056 | G39: 19800 | H39: 4 | I39: 36 | J39: 36
B40: Šiaulių valstybinė kolegija | C40: 1 | D40: 49925 | E40: 1886 | F40: 16478 | G40: 13185 | H40: 2 | I40: 37 | J40: 37
B41: Utenos kolegija | C41: 1 | D41: 72360 | E41: 1848 | F41: 2852 | G41: 3348 | H41: 2 | I41: 10 | J41: 10
B42: Vilniaus kolegija | C42: 1 | D42: 139966 | E42: 7763 | F42: 84703 | G42: 40724 | H42: 19 | I42: 85 | J42: 85
B43: Vilniaus technologijų ir dizaino kolegija | C43: 1 | D43: 143817 | E43: 2108 | F43: 8579 | G43: 20100 | H43: 6 | I43: 56 | J43: 56
B44: Iš viso | C44: =SUM(C32:C43) -> 12 | D44: =SUM(D32:D43) -> 795128 | E44: =SUM(E32:E43) -> 26395 | F44: =SUM(F32:F43) -> 224691 | G44: =SUM(G32:G43) -> 266661 | H44: =SUM(H32:H43) -> 59 | I44: =SUM(I32:I43) -> 543 | J44: =SUM(J32:J43) -> 526
B45: 2021 m. | C45: 12 | D45: 812483 | E45: 28647 | F45: 289677 | G45: 206578 | H45: 64 | I45: 469 | J45: 463
B46: Skirtumas (+, -) | C46: =SUM(C44-C45) -> 0 | D46: =D44-D45 -> -17355 | E46: =E44-E45 -> -2252 | F46: =F44-F45 -> -64986 | G46: =G44-G45 -> 60083 | H46: =H44-H45 -> -5 | I46: =I44-I45 -> 74 | J46: =J44-J45 -> 63
B48: Iš viso (aukštųjų, kolegijų) | C48: =SUM(C23+C44) -> 23 | D48: =SUM(D23+D44) -> 9903905 | E48: =SUM(E23+E44) -> 138268 | F48: =SUM(F23+F44) -> 890763 | G48: =SUM(G23+G44) -> 1715309 | H48: =SUM(H23+H44) -> 401 | I48: =SUM(I23,I44) -> 2137 | J48: =SUM(J44,J23) -> 2110
B49: 2021 m. | C49: =SUM(C24+C45) -> 23 | D49: =SUM(D24+D45) -> 10050626 | E49: =SUM(E24+E45) -> 139520 | F49: =SUM(F24+F45) -> 936708 | G49: =SUM(G24+G45) -> 841800 | H49: =SUM(H24+H45) -> 419 | I49: =SUM(I24,I45) -> 2028 | J49: =SUM(J45,J24) -> 1494
B50: Skirtumas (+,-) | C50: =C48-C49 -> 0 | D50: =D48-D49 -> -146721 | E50: =E48-E49 -> -1252 | F50: =F48-F49 -> -45945 | G50: =G48-G49 -> 873509 | H50: =H48-H49 -> -18 | I50: =I48-I49 -> 109 | J50: =J48-J49 -> 616

Sheet VALST_UB
B2: VALSTYBINIŲ UNIVERSITETŲ BIBLIOTEKOS
I4: 2022 m.
C6: Bibliotekų skaičius | D6: Jose:
D7: Dokumentų fondas (fiz.vnt.) | E7: Vartotojų skaičius | F7: Dokumentų išduotis (fiz.vnt.) | G7: Lankytojų (apsilankymų) skaičius | H7: Profesionalių bibliotekininkų skaičius | I7: Kompiuterių skaičius vartotojams | J7: Iš jų: su interneto prieiga
B10: 1 | C10: 2 | D10: 3 | E10: 4 | F10: 5 | G10: 6 | H10: 7 | I10: 8 | J10: 9
B11: Kauno technologijos universitetas | C11: 1 | D11: 868644 | E11: 12013 | F11: 84943 | G11: 166739 | H11: 42 | I11: 197 | J11: 197
B12: Lietuvos sporto universitetas | C12: 1 | D12: 86884 | E12: 2454 | F12: 3995 | G12: 9853 | H12: 9 | I12: 59 | J12: 59
B13: Lietuvos sveikatos mokslų universitetas | C13: 1 | D13: 626154 | E13: 18083 | F13: 182041 | G13: 292119 | H13: 30 | I13: 188 | J13: 182
B14: Vytauto Didžiojo universitetas | C14: 1 | D14: 1025821 | E14: 12029 | F14: 44933 | G14: 105424 | H14: 45 | I14: 262 | J14: 262
B15: Klaipėdos universitetas | C15: 1 | D15: 307602 | E15: 1830 | F15: 29611 | G15: 12868 | H15: 17 | I15: 43 | J15: 43
B16: Generolo Jono Žemaičio Lietuvos karo akademija | C16: 1 | D16: 315090 | E16: 1568 | F16: 13573 | G16: 15703 | H16: 16 | I16: 28 | J16: 27
B17: Lietuvos muzikos ir teatro akademija | C17: 1 | D17: 308749 | E17: 1890 | F17: 11814 | G17: 14666 | H17: 11 | I17: 40 | J17: 40
B18: Mykolo Romerio universitetas | C18: 1 | D18: 190184 | E18: 9697 | F18: 43374 | G18: 61489 | H18: 17 | I18: 93 | J18: 90
B19: Vilniaus dailės akademija | C19: 1 | D19: 109123 | E19: 2730 | F19: 31511 | G19: 15916 | H19: 11 | I19: 26 | J19: 26
B20: Vilniaus Gedimino technikos universitetas | C20: 1 | D20: 375846 | E20: 9771 | F20: 39871 | G20: 112457 | H20: 37 | I20: 48 | J20: 48
B21: Vilniaus universitetas | C21: 1 | D21: 4894680 | E21: 39808 | F21: 180406 | G21: 641414 | H21: 107 | I21: 610 | J21: 610
B22: Iš viso | C22: =SUM(C11:C21) -> 11 | D22: =SUM(D11:D21) -> 9108777 | E22: =SUM(E11:E21) -> 111873 | F22: =SUM(F11:F21) -> 666072 | G22: =SUM(G11:G21) -> 1448648 | H22: =SUM(H11:H21) -> 342 | I22: =SUM(I11:I21) -> 1594 | J22: =SUM(J11:J21) -> 1584
B23: 2021 m. | C23: 11 | D23: 9238143 | E23: 110873 | F23: 647031 | G23: 635222 | H23: 355 | I23: 1559 | J23: 1031
B24: Skirtumas (+, -) | C24: =C22-C23 -> 0 | D24: =D22-D23 -> -129366 | E24: =E22-E23 -> 1000 | F24: =F22-F23 -> 19041 | G24: =G22-G23 -> 813426 | H24: =H22-H23 -> -13 | I24: =I22-I23 -> 35 | J24: =J22-J23 -> 553

Sheet VALSTB_KB
B2: VALSTYBINIŲ KOLEGIJŲ BIBLIOTEKOS
I4: 2022 m.
C6: Bibliotekų skaičius | D6: Jose:
D7: Dokumentų fondas (fiz.vnt.) | E7: Vartotojų skaičius | F7: Dokumentų išduotis (fiz.vnt.) | G7: Lankytojų (apsilankymų) skaičius | H7: Profesionalių bibliotekininkų skaičius | I7: Kompiuterių skaičius vartotojams | J7: Iš jų: su interneto prieiga
B10: 1 | C10: 2 | D10: 3 | E10: 4 | F10: 5 | G10: 6 | H10: 7 | I10: 8 | J10: 9
B11: Alytaus kolegija | C11: 1 | D11: 22113 | E11: 1650 | F11: 1553 | G11: 8250 | H11: 2 | I11: 44 | J11: 44
B12: Kauno kolegija | C12: 1 | D12: 86050 | E12: 5118 | F12: 46335 | G12: 88327 | H12: 8 | I12: 67 | J12: 50
B13: Kauno technikos kolegija | C13: 1 | D13: 18935 | E13: 459 | F13: 2618 | G13: 4675 | H13: 2 | I13: 23 | J13: 23
B14: Kauno miškų ir aplinkos inžinerijos kolegija | C14: 1 | D14: 44647 | E14: 204 | F14: 532 | G14: 725 | H14: 1 | I14: 37 | J14: 37
B15: Klaipėdos valstybinė kolegija | C15: 1 | D15: 102901 | E15: 2745 | F15: 26225 | G15: 49654 | H15: 8 | I15: 106 | J15: 106
B16: Lietuvos aukštoji jūreivystės mokykla | C16: 1 | D16: 30344 | E16: 1059 | F16: 7043 | G16: 15000 | H16: 2 | I16: 23 | J16: 23
B17: Marijampolės kolegija | C17: 1 | D17: 24798 | E17: 356 | F17: 4717 | G17: 2873 | H17: 3 | I17: 19 | J17: 19
B18: Panevėžio kolegija | C18: 1 | D18: 59272 | E18: 1199 | F18: 23056 | G18: 19800 | H18: 4 | I18: 36 | J18: 36
B19: Šiaulių valstybinė kolegija | C19: 1 | D19: 49925 | E19: 1886 | F19: 16478 | G19: 13185 | H19: 2 | I19: 37 | J19: 37
B20: Utenos kolegija | C20: 1 | D20: 72360 | E20: 1848 | F20: 2852 | G20: 3348 | H20: 2 | I20: 10 | J20: 10
B21: Vilniaus kolegija | C21: 1 | D21: 139966 | E21: 7763 | F21: 84703 | G21: 40724 | H21: 19 | I21: 85 | J21: 85
B22: Vilniaus technologijų ir dizaino kolegija | C22: 1 | D22: 143817 | E22: 2108 | F22: 8579 | G22: 20100 | H22: 6 | I22: 56 | J22: 56
B23: Iš viso | C23: =SUM(C11:C22) -> 12 | D23: =SUM(D11:D22) -> 795128 | E23: =SUM(E11:E22) -> 26395 | F23: =SUM(F11:F22) -> 224691 | G23: =SUM(G11:G22) -> 266661 | H23: =SUM(H11:H22) -> 59 | I23: =SUM(I11:I22) -> 543 | J23: =SUM(J11:J22) -> 526
B24: 2021 m. | C24: 12 | D24: 812483 | E24: 28647 | F24: 289677 | G24: 206578 | H24: 64 | I24: 469 | J24: 463
B25: Skirtumas (+, -) | C25: =SUM(C23-C24) -> 0 | D25: =D23-D24 -> -17355 | E25: =E23-E24 -> -2252 | F25: =F23-F24 -> -64986 | G25: =G23-G24 -> 60083 | H25: =H23-H24 -> -5 | I25: =I23-I24 -> 74 | J25: =J23-J24 -> 63

Sheet NEVALST_AMB_KB
B2: NEVALSTYBINIŲ AUKŠTŲJŲ (UNIVERSITETINIŲ, KOLEGIJŲ) MOKYKLŲ BIBLIOTEKOS
I5: 2022 m.
B7: Universitetai | C7: Bibliotekų skaičius | D7: Jose:
D8: Dokumentų fondas (fiz.vnt.) | E8: Vartotojų skaičius | F8: Dokumentų išduotis (fiz.vnt.) | G8: Lankytojų (apsilankymų) skaičius | H8: Profesionalių bibliotekininkų skaičius | I8: Kompiuterių skaičius vartotojams | J8: Iš jų: su interneto prieiga
B11: 1 | C11: 2 | D11: 3 | E11: 4 | F11: 5 | G11: 6 | H11: 7 | I11: 8 | J11: 9
B12: VŠĮ LCC Tarptautinio universitetas | C12: 1 | D12: 46122 | E12: 1154 | F12: 8478 | G12: 18336 | H12: 2 | I12: 10 | J12: 10
B13: Telšių vyskupo Vincento Borisevičiaus kunigų seminarija | C13: 1 | D13: 26837 | E13: 0 | F13: 0 | G13: 0 | H13: 0 | I13: 0 | J13: 0
B14: ISM Vadybos ir ekonomikos universitetas | C14: 1 | D14: 17165 | E14: 2590 | F14: 22851 | G14: 13439 | H14: 5 | I14: 51 | J14: 51
B15: Kazimiero Simonavičiaus universitetas | C15: 1 | D15: 19765 | E15: 0 | F15: 0 | G15: 0 | H15: 0 | I15: 0 | J15: 0
B16: Vilniaus šv. Juozapo kunigų seminarija | C16: 1 | D16: 61982 | E16: 111 | F16: 1229 | G16: 0 | H16: 1 | I16: 4 | J16: 4
B17: Iš viso | C17: =SUM(C12:C16) -> 5 | D17: =SUM(D12:D16) -> 171871 | E17: =SUM(E12:E16) -> 3855 | F17: =SUM(F12:F16) -> 32558 | G17: =SUM(G12:G16) -> 31775 | H17: =SUM(H12:H16) -> 8 | I17: =SUM(I12:I16) -> 65 | J17: =SUM(J12:J16) -> 65
B18: 2021 m. | C18: 5 | D18: 170508 | E18: 3927 | F18: 27832 | G18: 28418 | H18: 12 | I18: 67 | J18: 59
B19: Skirtumas (+,-) | C19: =SUM(C17-C18) -> 0 | D19: =SUM(D17-D18) -> 1363 | E19: =SUM(E17-E18) -> -72 | F19: =SUM(F17-F18) -> 4726 | G19: =SUM(G17-G18) -> 3357 | H19: =SUM(H17-H18) -> -4 | I19: =SUM(I17-I18) -> -2 | J19: =SUM(J17-J18) -> 6
B21: Kolegijos | C21: Bibliotekų skaičius | D21: Jose:
D22: Dokumentų fondas (fiz.vnt.) | E22: Vartotojų skaičius | F22: Dokumentų išduotis (fiz.vnt.) | G22: Lankytojų (apsilankymų) skaičius | H22: Profesionalių bibliotekininkų skaičius | I22: Kompiuterių skaičius vartotojams | J22: Iš jų: su interneto prieiga
B25: 1 | C25: 2 | D25: 3 | E25: 4 | F25: 5 | G25: 6 | H25: 7 | I25: 8 | J25: 9
B26: VšĮ Kolpingo kolegija | C26: 1 | D26: 3790 | E26: 321 | F26: 130 | G26: 1300 | H26: 1 | I26: 3 | J26: 3
B27: VšĮ Lietuvos verslo kolegija | C27: 1 | D27: 14486 | E27: 778 | F27: 1360 | G27: 226 | H27: 1 | I27: 22 | J27: 22
B28: VšĮ Socialinių mokslų kolegija | C28: 1 | D28: 32829 | E28: 1754 | F28: 1970 | G28: 6321 | H28: 3 | I28: 17 | J28: 17
B29: Tarptautinė teisės ir verslo aukštoji mokykla | C29: 0 | D29: 0 | E29: 0 | F29: 0 | G29: 0 | H29: 0 | I29: 0 | J29: 0
B30: VŠĮ Vilniaus verslo kolegija | C30: 1 | D30: 4495 | E30: 100 | F30: 177 | G30: 158 | H30: 1 | I30: 12 | J30: 12
B31: Vilniaus dizaino kolegija | C31: 1 | D31: 7689 | E31: 429 | F31: 479 | G31: 2406 | H31: 2 | I31: 5 | J31: 5
B32: Šv. Ignaco Lojolos kolegija | C32: 1 | D32: 1282 | E32: 600 | F32: 680 | G32: 432 | H32: 1 | I32: 12 | J32: 12
B33: Iš viso | C33: =SUM(C26:C32) -> 6 | D33: =SUM(D26:D32) -> 64571 | E33: =SUM(E26:E32) -> 3982 | F33: =SUM(F26:F32) -> 4796 | G33: =SUM(G26:G32) -> 10843 | H33: =SUM(H26:H32) -> 9 | I33: =SUM(I26:I32) -> 71 | J33: =SUM(J26:J32) -> 71
B34: 2021 m. | C34: 7 | D34: 88792 | E34: 6454 | F34: 6355 | G34: 4790 | H34: 10 | I34: 110 | J34: 71
B35: Skirtumas (+,-) | C35: =SUM(C33-C34) -> -1 | D35: =SUM(D33-D34) -> -24221 | E35: =SUM(E33-E34) -> -2472 | F35: =SUM(F33-F34) -> -1559 | G35: =SUM(G33-G34) -> 6053 | H35: =SUM(H33-H34) -> -1 | I35: =SUM(I33-I34) -> -39 | J35: =SUM(J33-J34) -> 0
B37: Iš viso (aukštųjų, kolegijų) | C37: =SUM(C17+C33) -> 11 | D37: =SUM(D17+D33) -> 236442 | E37: =SUM(E17+E33) -> 7837 | F37: =SUM(F17+F33) -> 37354 | G37: =SUM(G17+G33) -> 42618 | H37: =SUM(H17+H33) -> 17 | I37: =SUM(I17,I33) -> 136 | J37: =SUM(J33,J17) -> 136
B38: 2021 m. | C38: =SUM(C18+C34) -> 12 | D38: =SUM(D18+D34) -> 259300 | E38: =SUM(E18+E34) -> 10381 | F38: =SUM(F18+F34) -> 34187 | G38: =SUM(G18+G34) -> 33208 | H38: =SUM(H18+H34) -> 22 | I38: =SUM(I18,I34) -> 177 | J38: =SUM(J34,J18) -> 130
B39: Skirtumas (+,-) | C39: =C37-C38 -> -1 | D39: =D37-D38 -> -22858 | E39: =E37-E38 -> -2544 | F39: =F37-F38 -> 3167 | G39: =G37-G38 -> 9410 | H39: =H37-H38 -> -5 | I39: =I37-I38 -> -41 | J39: =J37-J38 -> 6

Sheet NEVALST_AMB
B2: NEVALSTYBINIŲ AUKŠTŲJŲ (UNIVERSITETINIŲ) MOKYKLŲ BIBLIOTEKOS
I4: 2022 m.
C6: Bibliotekų skaičius | D6: Jose:
D7: Dokumentų fondas (fiz.vnt.) | E7: Vartotojų skaičius | F7: Dokumentų išduotis (fiz.vnt.) | G7: Lankytojų (apsilankymų) skaičius | H7: Profesionalių bibliotekininkų skaičius | I7: Kompiuterių skaičius vartotojams | J7: Iš jų: su interneto prieiga
B10: 1 | C10: 2 | D10: 3 | E10: 4 | F10: 5 | G10: 6 | H10: 7 | I10: 8 | J10: 9
B11: VŠĮ LCC Tarptautinio universitetas | C11: 1 | D11: 46122 | E11: 1154 | F11: 8478 | G11: 18336 | H11: 2 | I11: 10 | J11: 10
B12: Telšių vyskupo Vincento Borisevičiaus kunigų seminarija | C12: 1 | D12: 26837 | E12: 0 | F12: 0 | G12: 0 | H12: 0 | I12: 0 | J12: 0
B13: ISM Vadybos ir ekonomikos universitetas | C13: 1 | D13: 17165 | E13: 2590 | F13: 22851 | G13: 13439 | H13: 5 | I13: 51 | J13: 51
B14: Kazimiero Simonavičiaus universitetas | C14: 1 | D14: 19765 | E14: 0 | F14: 0 | G14: 0 | H14: 0 | I14: 0 | J14: 0
B15: Vilniaus šv. Juozapo kunigų seminarija | C15: 1 | D15: 61982 | E15: 111 | F15: 1229 | G15: 0 | H15: 1 | I15: 4 | J15: 4
B16: Iš viso | C16: =SUM(C11:C15) -> 5 | D16: =SUM(D11:D15) -> 171871 | E16: =SUM(E11:E15) -> 3855 | F16: =SUM(F11:F15) -> 32558 | G16: =SUM(G11:G15) -> 31775 | H16: =SUM(H11:H15) -> 8 | I16: =SUM(I11:I15) -> 65 | J16: =SUM(J11:J15) -> 65
B17: 2021 m. | C17: 5 | D17: 170508 | E17: 3927 | F17: 27832 | G17: 28418 | H17: 12 | I17: 67 | J17: 59
B18: Skirtumas (+,-) | C18: =SUM(C16-C17) -> 0 | D18: =SUM(D16-D17) -> 1363 | E18: =SUM(E16-E17) -> -72 | F18: =SUM(F16-F17) -> 4726 | G18: =SUM(G16-G17) -> 3357 | H18: =SUM(H16-H17) -> -4 | I18: =SUM(I16-I17) -> -2 | J18: =SUM(J16-J17) -> 6

Sheet NEVALST_KB
B2: NEVALSTYBINIŲ KOLEGIJŲ BIBLIOTEKOS
I4: 2022 m.
C6: Bibliotekų skaičius | D6: Jose:
D7: Dokumentų fondas (fiz.vnt.) | E7: Vartotojų skaičius | F7: Dokumentų išduotis (fiz.vnt.) | G7: Lankytojų (apsilankymų) skaičius | H7: Profesionalių bibliotekininkų skaičius | I7: Kompiuterių skaičius vartotojams | J7: Iš jų: su interneto prieiga
B10: 1 | C10: 2 | D10: 3 | E10: 4 | F10: 5 | G10: 6 | H10: 7 | I10: 8 | J10: 9
B11: VšĮ Kolpingo kolegija | C11: 1 | D11: 3790 | E11: 321 | F11: 130 | G11: 1300 | H11: 1 | I11: 3 | J11: 3
B12: VšĮ Lietuvos verslo kolegija | C12: 1 | D12: 14486 | E12: 778 | F12: 1360 | G12: 226 | H12: 1 | I12: 22 | J12: 22
B13: VšĮ Socialinių mokslų kolegija | C13: 1 | D13: 32829 | E13: 1754 | F13: 1970 | G13: 6321 | H13: 3 | I13: 17 | J13: 17
B14: Tarptautinė teisės ir verslo aukštoji mokykla | C14: 0 | D14: 0 | E14: 0 | F14: 0 | G14: 0 | H14: 0 | I14: 0 | J14: 0
B15: VŠĮ Vilniaus verslo kolegija | C15: 1 | D15: 4495 | E15: 100 | F15: 177 | G15: 158 | H15: 1 | I15: 12 | J15: 12
B16: Vilniaus dizaino kolegija | C16: 1 | D16: 7689 | E16: 429 | F16: 479 | G16: 2406 | H16: 2 | I16: 5 | J16: 5
B17: Šv. Ignaco Lojolos kolegija | C17: 1 | D17: 1282 | E17: 600 | F17: 680 | G17: 432 | H17: 1 | I17: 12 | J17: 12
B18: Iš viso | C18: =SUM(C11:C17) -> 6 | D18: =SUM(D11:D17) -> 64571 | E18: =SUM(E11:E17) -> 3982 | F18: =SUM(F11:F17) -> 4796 | G18: =SUM(G11:G17) -> 10843 | H18: =SUM(H11:H17) -> 9 | I18: =SUM(I11:I17) -> 71 | J18: =SUM(J11:J17) -> 71
B19: 2021 m. | C19: 7 | D19: 88792 | E19: 6454 | F19: 6355 | G19: 4790 | H19: 10 | I19: 110 | J19: 71
B20: Skirtumas (+,-) | C20: =SUM(C18-C19) -> -1 | D20: =SUM(D18-D19) -> -24221 | E20: =SUM(E18-E19) -> -2472 | F20: =SUM(F18-F19) -> -1559 | G20: =SUM(G18-G19) -> 6053 | H20: =SUM(H18-H19) -> -1 | I20: =SUM(I18-I19) -> -39 | J20: =SUM(J18-J19) -> 0

Sheet PROFESINIŲ_MOKYKLŲ
B2: PROFESINIŲ MOKYKLŲ BIBLIOTEKOS
I4: 2022 METAI
B5: PAGRINDINIAI RODIKLIAI
B7: Apskritys, savivaldybės | C7: Bibliotekų filialų skaičius | D7: Dokumentų fondas iš viso (fiz.vnt.) | E7: Vartotojų skaičius | F7: Dokumentų išduotis (fiz.vnt.) | G7: Lankytojų (apsilankymų) skaičius | H7: Profesionalių bibliotekininkų skaičius | I7: Bibliotekų, turinčių kompiuterius, skaičius
I9: iš viso | J9: su internetu
B10: 1 | C10: 2 | D10: 3 | E10: 4 | F10: 5 | G10: 6 | H10: 7 | I10: 8 | J10: 9
B11: Alytaus apskritis
B12: Alytaus m. | C12: 2 | D12: 107640 | E12: 404 | F12: 8343 | G12: 4721 | H12: 4 | I12: 2 | J12: 2
B13: Alytaus r. | C13: 1 | D13: 7514 | E13: 119 | F13: 2768 | G13: 2370 | H13: 1 | I13: 1 | J13: 1
B14: Druskininkų sav. | C14: 0 | D14: 0 | E14: 0 | F14: 0 | G14: 0 | H14: 0 | I14: 0 | J14: 0
B15: Lazdijų r. | C15: 1 | D15: 11346 | E15: 352 | F15: 2734 | G15: 1262 | H15: 1 | I15: 1 | J15: 1
B16: Varėnos r. | C16: 1 | D16: 15421 | E16: 249 | F16: 1097 | G16: 1910 | H16: 1 | I16: 1 | J16: 1
B17: Iš viso | C17: =SUM(C12:C16) -> 5 | D17: =SUM(D12:D16) -> 141921 | E17: =SUM(E12:E16) -> 1124 | F17: =SUM(F12:F16) -> 14942 | G17: =SUM(G12:G16) -> 10263 | H17: =SUM(H12:H16) -> 7 | I17: =SUM(I12:I16) -> 5 | J17: =SUM(J12:J16) -> 5
B18: Kauno apskritis
B19: Birštono sav. | C19: 0 | D19: 0 | E19: 0 | F19: 0 | G19: 0 | H19: 0 | I19: 0 | J19: 0
B20: Jonavos r. | C20: 1 | D20: 8319 | E20: 320 | F20: 1563 | G20: 3639 | H20: 1 | I20: 1 | J20: 1
B21: Kaišiadorių r. | C21: 1 | D21: 10724 | E21: 108 | F21: 1251 | G21: 668 | H21: 1 | I21: 1 | J21: 1
B22: Kauno m. | C22: 5 | D22: 145174 | E22: 8501 | F22: 48223 | G22: 31869 | H22: 12 | I22: 5 | J22: 5
B23: Kauno r. | C23: 1 | D23: 4011 | E23: 161 | F23: 1776 | G23: 1673 | H23: 1 | I23: 1 | J23: 1
B24: Kėdainių r. | C24: 1 | D24: 6234 | E24: 305 | F24: 4882 | G24: 8294 | H24: 1 | I24: 1 | J24: 1
B25: Prienų r. | C25: 0 | D25: 0 | E25: 0 | F25: 0 | G25: 0 | H25: 0 | I25: 0 | J25: 0
B26: Raseinių r. | C26: 1 | D26: 2921 | E26: 405 | F26: 585 | G26: 1015 | H26: 0 | I26: 1 | J26: 1
B27: Iš viso | C27: =SUM(C19:C26) -> 10 | D27: =SUM(D19:D26) -> 177383 | E27: =SUM(E19:E26) -> 9800 | F27: =SUM(F19:F26) -> 58280 | G27: =SUM(G19:G26) -> 47158 | H27: =SUM(H19:H26) -> 16 | I27: =SUM(I19:I26) -> 10 | J27: =SUM(J19:J26) -> 10
B28: Klaipėdos apskritis
B29: Klaipėdos m. | C29: 4 | D29: 73978 | E29: 2719 | F29: 12586 | G29: 19170 | H29: 5 | I29: 4 | J29: 4
B30: Klaipėdos r. | C30: 0 | D30: 0 | E30: 0 | F30: 0 | G30: 0 | H30: 0 | I30: 0 | J30: 0
B31: Kretingos r. | C31: 1 | D31: 9984 | E31: 140 | F31: 2484 | G31: 2695 | H31: 0 | I31: 1 | J31: 1
B32: Neringos sav. | C32: 0 | D32: 0 | E32: 0 | F32: 0 | G32: 0 | H32: 0 | I32: 0 | J32: 0
B33: Palangos m. sav. | C33: 0 | D33: 0 | E33: 0 | F33: 0 | G33: 0 | H33: 0 | I33: 0 | J33: 0
B34: Skuodo r. | C34: 0 | D34: 0 | E34: 0 | F34: 0 | G34: 0 | H34: 0 | I34: 0 | J34: 0
B35: Šilutės r. | C35: 1 | D35: 12152 | E35: 402 | F35: 2345 | G35: 5405 | H35: 2 | I35: 1 | J35: 1
B36: Iš viso | C36: =SUM(C29:C35) -> 6 | D36: =SUM(D29:D35) -> 96114 | E36: =SUM(E29:E35) -> 3261 | F36: =SUM(F29:F35) -> 17415 | G36: =SUM(G29:G35) -> 27270 | H36: =SUM(H29:H35) -> 7 | I36: =SUM(I29:I35) -> 6 | J36: =SUM(J29:J35) -> 6
B37: Marijampolės apskr.
B38: Kalvarijos sav. | C38: 0 | D38: 0 | E38: 0 | F38: 0 | G38: 0 | H38: 0 | I38: 0 | J38: 0
B39: Kazlų Rūdos sav. | C39: 0 | D39: 0 | E39: 0 | F39: 0 | G39: 0 | H39: 0 | I39: 0 | J39: 0
B40: Marijampolės sav. | C40: 1 | D40: 31927 | E40: 681 | F40: 3338 | G40: 3459 | H40: 2 | I40: 1 | J40: 1
B41: Šakių r. | C41: 0 | D41: 0 | E41: 0 | F41: 0 | G41: 0 | H41: 0 | I41: 0 | J41: 0
B42: Vilkaviškio r. | C42: 1 | D42: 3549 | E42: 49 | F42: 826 | G42: 896 | H42: 2 | I42: 1 | J42: 1
B43: Iš viso | C43: =SUM(C38:C42) -> 2 | D43: =SUM(D38:D42) -> 35476 | E43: =SUM(E38:E42) -> 730 | F43: =SUM(F38:F42) -> 4164 | G43: =SUM(G38:G42) -> 4355 | H43: =SUM(H38:H42) -> 4 | I43: =SUM(I38:I42) -> 2 | J43: =SUM(J38:J42) -> 2
B44: Panevėžio apskritis
B45: Biržų r. | C45: 1 | D45: 32685 | E45: 864 | F45: 4792 | G45: 4192 | H45: 2 | I45: 1 | J45: 1
B46: Kupiškio r. | C46: 1 | D46: 9320 | E46: 205 | F46: 4397 | G46: 7594 | H46: 1 | I46: 1 | J46: 1
B47: Panevėžio m. | C47: 1 | D47: 76738 | E47: 943 | F47: 6732 | G47: 9622 | H47: 3 | I47: 1 | J47: 1
B48: Panevėžio r. | C48: 0 | D48: 0 | E48: 0 | F48: 0 | G48: 0 | H48: 0 | I48: 0 | J48: 0
B49: Pasvalio r. | C49: 0 | D49: 0 | E49: 0 | F49: 0 | G49: 0 | H49: 0 | I49: 0 | J49: 0
B50: Rokiškio r. | C50: 1 | D50: 3668 | E50: 0 | F50: 0 | G50: 0 | H50: 0 | I50: 0 | J50: 0
B51: Iš viso | C51: =SUM(C45:C50) -> 4 | D51: =SUM(D45:D50) -> 122411 | E51: =SUM(E45:E50) -> 2012 | F51: =SUM(F45:F50) -> 15921 | G51: =SUM(G45:G50) -> 21408 | H51: =SUM(H45:H50) -> 6 | I51: =SUM(I45:I50) -> 3 | J51: =SUM(J45:J50) -> 3
B72: Apskritys, savivaldybės | C72: Bibliotekų filialų skaičius | D72: Dokumentų fondas iš viso (fiz.vnt.) | E72: Vartotojų skaičius | F72: Dokumentų išduotis (fiz.vnt.) | G72: Lankytojų (apsilankymų) skaičius | H72: Profesionalių bibliotekininkų skaičius | I72: Bibliotekų, turinčių kompiuterius, skaičius
I74: iš viso | J74: su internetu
B75: 1 | C75: 2 | D75: 3 | E75: 4 | F75: 5 | G75: 6 | H75: 7 | I75: 8 | J75: 9
B76: Šiaulių apskritis
B77: Akmenės r. | C77: 0 | D77: 0 | E77: 0 | F77: 0 | G77: 0 | H77: 0 | I77: 0 | J77: 0
B78: Joniškio r. | C78: 1 | D78: 32542 | E78: 287 | F78: 3018 | G78: 4500 | H78: 1 | I78: 1 | J78: 1
B79: Kelmės r. | C79: 1 | D79: 1987 | E79: 282 | F79: 2069 | G79: 3067 | H79: 2 | I79: 1 | J79: 1
B80: Pakruojo r. | C80: 0 | D80: 0 | E80: 0 | F80: 0 | G80: 0 | H80: 0 | I80: 0 | J80: 0
B81: Radviliškio r. | C81: 1 | D81: 35005 | E81: 199 | F81: 8661 | G81: 1636 | H81: 2 | I81: 1 | J81: 1
B82: Šiaulių m. | C82: 1 | D82: 48263 | E82: 1655 | F82: 21904 | G82: 11338 | H82: 5 | I82: 1 | J82: 1
B83: Šiaulių r. | C83: 1 | D83: 6663 | E83: 340 | F83: 1460 | G83: 1906 | H83: 1 | I83: 1 | J83: 1
B84: Iš viso | C84: =SUM(C77:C83) -> 5 | D84: =SUM(D77:D83) -> 124460 | E84: =SUM(E77:E83) -> 2763 | F84: =SUM(F77:F83) -> 37112 | G84: =SUM(G77:G83) -> 22447 | H84: =SUM(H77:H83) -> 11 | I84: =SUM(I77:I83) -> 5 | J84: =SUM(J77:J83) -> 5
B85: Tauragės apskritis
B86: Jurbarko r. | C86: 1 | D86: 27158 | E86: 211 | F86: 456 | G86: 1381 | H86: 1 | I86: 1 | J86: 1
B87: Pagėgių sav. | C87: 0 | D87: 0 | E87: 0 | F87: 0 | G87: 0 | H87: 0 | I87: 0 | J87: 0
B88: Šilalės r. | C88: 0 | D88: 0 | E88: 0 | F88: 0 | G88: 0 | H88: 0 | I88: 0 | J88: 0
B89: Tauragės r. | C89: 1 | D89: 12439 | E89: 117 | F89: 392 | G89: 191 | H89: 1 | I89: 1 | J89: 1
B90: Iš viso | C90: =SUM(C86:C89) -> 2 | D90: =SUM(D86:D89) -> 39597 | E90: =SUM(E86:E89) -> 328 | F90: =SUM(F86:F89) -> 848 | G90: =SUM(G86:G89) -> 1572 | H90: =SUM(H86:H89) -> 2 | I90: =SUM(I86:I89) -> 2 | J90: =SUM(J86:J89) -> 2
B91: Telšių apskritis
B92: Mažeikių r. | C92: 1 | D92: 19080 | E92: 329 | F92: 2562 | G92: 5002 | H92: 1 | I92: 1 | J92: 1
B93: Plungės r. | C93: 1 | D93: 2687 | E93: 505 | F93: 931 | G93: 4581 | H93: 2 | I93: 1 | J93: 1
B94: Rietavo sav. | C94: 0 | D94: 0 | E94: 0 | F94: 0 | G94: 0 | H94: 0 | I94: 0 | J94: 0
B95: Telšių r. | C95: 1 | D95: 18054 | E95: 525 | F95: 5914 | G95: 3209 | H95: 1 | I95: 1 | J95: 1
B96: Iš viso | C96: =SUM(C92:C95) -> 3 | D96: =SUM(D92:D95) -> 39821 | E96: =SUM(E92:E95) -> 1359 | F96: =SUM(F92:F95) -> 9407 | G96: =SUM(G92:G95) -> 12792 | H96: =SUM(H92:H95) -> 4 | I96: =SUM(I92:I95) -> 3 | J96: =SUM(J92:J95) -> 3
B97: Utenos apskritis
B98: Anykščių r. | C98: 0 | D98: 0 | E98: 0 | F98: 0 | G98: 0 | H98: 0 | I98: 0 | J98: 0
B99: Ignalinos r. | C99: 0 | D99: 0 | E99: 0 | F99: 0 | G99: 0 | H99: 0 | I99: 0 | J99: 0
B100: Molėtų r. | C100: 1 | D100: 14161 | E100: 253 | F100: 8313 | G100: 379 | H100: 1 | I100: 1 | J100: 1
B101: Utenos r. | C101: 1 | D101: 23289 | E101: 424 | F101: 9016 | G101: 8749 | H101: 1 | I101: 1 | J101: 1
B102: Visagino sav. | C102: 1 | D102: 7849 | E102: 519 | F102: 7001 | G102: 6202 | H102: 1 | I102: 1 | J102: 1
B103: Zarasų r. | C103: 1 | D103: 4055 | E103: 365 | F103: 4711 | G103: 4752 | H103: 1 | I103: 1 | J103: 1
B104: Iš viso | C104: =SUM(C98:C103) -> 4 | D104: =SUM(D98:D103) -> 49354 | E104: =SUM(E98:E103) -> 1561 | F104: =SUM(F98:F103) -> 29041 | G104: =SUM(G98:G103) -> 20082 | H104: =SUM(H98:H103) -> 4 | I104: =SUM(I98:I103) -> 4 | J104: =SUM(J98:J103) -> 4
B105: Vilniaus apskritis
B106: Elektrėnų sav. | C106: 1 | D106: 9552 | E106: 164 | F106: 440 | G106: 380 | H106: 0 | I106: 1 | J106: 1
B107: Šalčininkų r. | C107: 0 | D107: 0 | E107: 0 | F107: 0 | G107: 0 | H107: 0 | I107: 0 | J107: 0
B108: Širvintų r. | C108: 0 | D108: 0 | E108: 0 | F108: 0 | G108: 0 | H108: 0 | I108: 0 | J108: 0
B109: Švenčionių r. | C109: 1 | D109: 15726 | E109: 326 | F109: 1980 | G109: 2851 | H109: 2 | I109: 1 | J109: 1
B110: Trakų r. | C110: 1 | D110: 2218 | E110: 245 | F110: 0 | G110: 0 | H110: 0 | I110: 0 | J110: 0
B111: Ukmergės r. | C111: 1 | D111: 48272 | E111: 250 | F111: 400 | G111: 1000 | H111: 2 | I111: 1 | J111: 1
B112: Vilniaus m. | C112: 7 | D112: 109532 | E112: 5393 | F112: 11207 | G112: 15071 | H112: 8 | I112: 6 | J112: 6
B113: Vilniaus r. | C113: 1 | D113: 14384 | E113: 238 | F113: 210 | G113: 210 | H113: 1 | I113: 1 | J113: 1
B114: Iš viso | C114: =SUM(C106:C113) -> 12 | D114: =SUM(D106:D113) -> 199684 | E114: =SUM(E106:E113) -> 6616 | F114: =SUM(F106:F113) -> 14237 | G114: =SUM(G106:G113) -> 19512 | H114: =SUM(H106:H113) -> 13 | I114: =SUM(I106:I113) -> 10 | J114: =SUM(J106:J113) -> 10
B115: Iš viso šalyje | C115: =C17+C27+C36+C43+C51+C84+C90+C96+C104+C114 -> 53 | D115: =D17+D27+D36+D43+D51+D84+D90+D96+D104+D114 -> 1026221 | E115: =E17+E27+E36+E43+E51+E84+E90+E96+E104+E114 -> 29554 | F115: =F17+F27+F36+F43+F51+F84+F90+F96+F104+F114 -> 201367 | G115: =G17+G27+G36+G43+G51+G84+G90+G96+G104+G114 -> 186859 | H115: =H17+H27+H36+H43+H51+H84+H90+H96+H104+H114 -> 74 | I115: =I17+I27+I36+I43+I51+I84+I90+I96+I104+I114 -> 50 | J115: =J17+J27+J36+J43+J51+J84+J90+J96+J104+J114 -> 50

Sheet ŠĮB
B2: ŠVIETIMO ĮSTAIGŲ BIBLIOTEKOS
B3: (savivaldybių, valstybinių bendrojo ugdymo mokyklų, neformaliojo vaikų švietimo
B4: (muzikos, meno) įstaigų, vaikų globos namų, pedagogų švietimo centrų bibliotekos)
I6: 2022 METAI
B7: PAGRINDINIAI RODIKLIAI
B9: Apskritys, savivaldybės | C9: Bibliotekų filialų skaičius | D9: Dokumentų fondas iš viso (fiz.vnt.) | E9: Vartotojų skaičius | F9: Dokumentų išduotis (fiz.vnt.) | G9: Lankytojų (apsilankymų) skaičius | H9: Profesionalių bibliotekininkų skaičius | I9: Bibliotekų, turinčių kompiuterius, skaičius
I11: iš viso | J11: su internetu
B12: 1 | C12: 2 | D12: 3 | E12: 4 | F12: 5 | G12: 6 | H12: 7 | I12: 8 | J12: 9
B13: Alytaus apskritis
B14: Alytaus m. | C14: =SUM('SAV+VALST+NEVALST'!C12, NVŠĮB!C12) -> 15 | D14: =SUM('SAV+VALST+NEVALST'!D12, NVŠĮB!D12) -> 189933 | E14: =SUM('SAV+VALST+NEVALST'!E12, NVŠĮB!E12) -> 6657 | F14: =SUM('SAV+VALST+NEVALST'!F12, NVŠĮB!F12) -> 64663 | G14: =SUM('SAV+VALST+NEVALST'!G12, NVŠĮB!G12) -> 84472 | H14: =SUM('SAV+VALST+NEVALST'!H12, NVŠĮB!H12) -> 19 | I14: =SUM('SAV+VALST+NEVALST'!I12, NVŠĮB!I12) -> 15 | J14: =SUM('SAV+VALST+NEVALST'!J12, NVŠĮB!J12) -> 15
B15: Alytaus r. | C15: =SUM('SAV+VALST+NEVALST'!C13, NVŠĮB!C13) -> 1 | D15: =SUM('SAV+VALST+NEVALST'!D13, NVŠĮB!D13) -> 5435 | E15: =SUM('SAV+VALST+NEVALST'!E13, NVŠĮB!E13) -> 37 | F15: =SUM('SAV+VALST+NEVALST'!F13, NVŠĮB!F13) -> 654 | G15: =SUM('SAV+VALST+NEVALST'!G13, NVŠĮB!G13) -> 531 | H15: =SUM('SAV+VALST+NEVALST'!H13, NVŠĮB!H13) -> 1 | I15: =SUM('SAV+VALST+NEVALST'!I13, NVŠĮB!I13) -> 1 | J15: =SUM('SAV+VALST+NEVALST'!J13, NVŠĮB!J13) -> 1
B16: Druskininkų sav. | C16: =SUM('SAV+VALST+NEVALST'!C14, NVŠĮB!C14) -> 6 | D16: =SUM('SAV+VALST+NEVALST'!D14, NVŠĮB!D14) -> 64641 | E16: =SUM('SAV+VALST+NEVALST'!E14, NVŠĮB!E14) -> 3183 | F16: =SUM('SAV+VALST+NEVALST'!F14, NVŠĮB!F14) -> 60216 | G16: =SUM('SAV+VALST+NEVALST'!G14, NVŠĮB!G14) -> 39737 | H16: =SUM('SAV+VALST+NEVALST'!H14, NVŠĮB!H14) -> 8 | I16: =SUM('SAV+VALST+NEVALST'!I14, NVŠĮB!I14) -> 5 | J16: =SUM('SAV+VALST+NEVALST'!J14, NVŠĮB!J14) -> 5
B17: Lazdijų r. | C17: =SUM('SAV+VALST+NEVALST'!C15, NVŠĮB!C15) -> 7 | D17: =SUM('SAV+VALST+NEVALST'!D15, NVŠĮB!D15) -> 52075 | E17: =SUM('SAV+VALST+NEVALST'!E15, NVŠĮB!E15) -> 1528 | F17: =SUM('SAV+VALST+NEVALST'!F15, NVŠĮB!F15) -> 22132 | G17: =SUM('SAV+VALST+NEVALST'!G15, NVŠĮB!G15) -> 21631 | H17: =SUM('SAV+VALST+NEVALST'!H15, NVŠĮB!H15) -> 9 | I17: =SUM('SAV+VALST+NEVALST'!I15, NVŠĮB!I15) -> 6 | J17: =SUM('SAV+VALST+NEVALST'!J15, NVŠĮB!J15) -> 6
B18: Varėnos r. | C18: =SUM('SAV+VALST+NEVALST'!C16, NVŠĮB!C16) -> 8 | D18: =SUM('SAV+VALST+NEVALST'!D16, NVŠĮB!D16) -> 103799 | E18: =SUM('SAV+VALST+NEVALST'!E16, NVŠĮB!E16) -> 1654 | F18: =SUM('SAV+VALST+NEVALST'!F16, NVŠĮB!F16) -> 13848 | G18: =SUM('SAV+VALST+NEVALST'!G16, NVŠĮB!G16) -> 15965 | H18: =SUM('SAV+VALST+NEVALST'!H16, NVŠĮB!H16) -> 7 | I18: =SUM('SAV+VALST+NEVALST'!I16, NVŠĮB!I16) -> 7 | J18: =SUM('SAV+VALST+NEVALST'!J16, NVŠĮB!J16) -> 7
B19: Iš viso | C19: =SUM(C14:C18) -> 37 | D19: =SUM(D14:D18) -> 415883 | E19: =SUM(E14:E18) -> 13059 | F19: =SUM(F14:F18) -> 161513 | G19: =SUM(G14:G18) -> 162336 | H19: =SUM(H14:H18) -> 44 | I19: =SUM(I14:I18) -> 34 | J19: =SUM(J14:J18) -> 34
B20: Kauno apskritis
B21: Birštono sav. | C21: =SUM('SAV+VALST+NEVALST'!C19, NVŠĮB!C19) -> 1 | D21: =SUM('SAV+VALST+NEVALST'!D19, NVŠĮB!D19) -> 8903 | E21: =SUM('SAV+VALST+NEVALST'!E19, NVŠĮB!E19) -> 419 | F21: =SUM('SAV+VALST+NEVALST'!F19, NVŠĮB!F19) -> 1058 | G21: =SUM('SAV+VALST+NEVALST'!G19, NVŠĮB!G19) -> 8263 | H21: =SUM('SAV+VALST+NEVALST'!H19, NVŠĮB!H19) -> 1 | I21: =SUM('SAV+VALST+NEVALST'!I19, NVŠĮB!I19) -> 1 | J21: =SUM('SAV+VALST+NEVALST'!J19, NVŠĮB!J19) -> 1
B22: Jonavos r. | C22: =SUM('SAV+VALST+NEVALST'!C20, NVŠĮB!C20, ŠPTB!C13) -> 16 | D22: =SUM('SAV+VALST+NEVALST'!D20, NVŠĮB!D20, ŠPTB!D13) -> 180598 | E22: =SUM('SAV+VALST+NEVALST'!E20, NVŠĮB!E20, ŠPTB!E13) -> 4177 | F22: =SUM('SAV+VALST+NEVALST'!F20, NVŠĮB!F20, ŠPTB!F13) -> 36751 | G22: =SUM('SAV+VALST+NEVALST'!G20, NVŠĮB!G20, ŠPTB!G13) -> 65635 | H22: =SUM('SAV+VALST+NEVALST'!H20, NVŠĮB!H20, ŠPTB!H13) -> 22 | I22: =SUM('SAV+VALST+NEVALST'!I20, NVŠĮB!I20, ŠPTB!I13) -> 16 | J22: =SUM('SAV+VALST+NEVALST'!J20, NVŠĮB!J20, ŠPTB!J13) -> 16
B23: Kaišiadorių r. | C23: =SUM('SAV+VALST+NEVALST'!C21, NVŠĮB!C21) -> 11 | D23: =SUM('SAV+VALST+NEVALST'!D21, NVŠĮB!D21) -> 110908 | E23: =SUM('SAV+VALST+NEVALST'!E21, NVŠĮB!E21) -> 3123 | F23: =SUM('SAV+VALST+NEVALST'!F21, NVŠĮB!F21) -> 30115 | G23: =SUM('SAV+VALST+NEVALST'!G21, NVŠĮB!G21) -> 87274 | H23: =SUM('SAV+VALST+NEVALST'!H21, NVŠĮB!H21) -> 14 | I23: =SUM('SAV+VALST+NEVALST'!I21, NVŠĮB!I21) -> 10 | J23: =SUM('SAV+VALST+NEVALST'!J21, NVŠĮB!J21) -> 10
B24: Kauno m. | C24: =SUM('SAV+VALST+NEVALST'!C22, NVŠĮB!C22, PŠCB!C13) -> 71 | D24: =SUM('SAV+VALST+NEVALST'!D22, NVŠĮB!D22, PŠCB!D13) -> 644564 | E24: =SUM('SAV+VALST+NEVALST'!E22, NVŠĮB!E22, PŠCB!E13) -> 34651 | F24: =SUM('SAV+VALST+NEVALST'!F22, NVŠĮB!F22, PŠCB!F13) -> 318182 | G24: =SUM('SAV+VALST+NEVALST'!G22, NVŠĮB!G22, PŠCB!G13) -> 317845 | H24: =SUM('SAV+VALST+NEVALST'!H22, NVŠĮB!H22, PŠCB!H13) -> 95 | I24: =SUM('SAV+VALST+NEVALST'!I22, NVŠĮB!I22, PŠCB!I13) -> 70 | J24: =SUM('SAV+VALST+NEVALST'!J22, NVŠĮB!J22, PŠCB!J13) -> 70
B25: Kauno r. | C25: =SUM('SAV+VALST+NEVALST'!C23, NVŠĮB!C23, PŠCB!C14) -> 21 | D25: =SUM('SAV+VALST+NEVALST'!D23, NVŠĮB!D23, PŠCB!D14) -> 170760 | E25: =SUM('SAV+VALST+NEVALST'!E23, NVŠĮB!E23, PŠCB!E14) -> 9095 | F25: =SUM('SAV+VALST+NEVALST'!F23, NVŠĮB!F23, PŠCB!F14) -> 93829 | G25: =SUM('SAV+VALST+NEVALST'!G23, NVŠĮB!G23, PŠCB!G14) -> 120424 | H25: =SUM('SAV+VALST+NEVALST'!H23, NVŠĮB!H23, PŠCB!H14) -> 23 | I25: =SUM('SAV+VALST+NEVALST'!I23, NVŠĮB!I23, PŠCB!I14) -> 20 | J25: =SUM('SAV+VALST+NEVALST'!J23, NVŠĮB!J23, PŠCB!J14) -> 20
B26: Kėdainių r. | C26: =SUM('SAV+VALST+NEVALST'!C24, NVŠĮB!C24) -> 15 | D26: =SUM('SAV+VALST+NEVALST'!D24, NVŠĮB!D24) -> 132430 | E26: =SUM('SAV+VALST+NEVALST'!E24, NVŠĮB!E24) -> 5464 | F26: =SUM('SAV+VALST+NEVALST'!F24, NVŠĮB!F24) -> 59760 | G26: =SUM('SAV+VALST+NEVALST'!G24, NVŠĮB!G24) -> 90063 | H26: =SUM('SAV+VALST+NEVALST'!H24, NVŠĮB!H24) -> 21 | I26: =SUM('SAV+VALST+NEVALST'!I24, NVŠĮB!I24) -> 14 | J26: =SUM('SAV+VALST+NEVALST'!J24, NVŠĮB!J24) -> 14
B27: Prienų r. | C27: =SUM('SAV+VALST+NEVALST'!C25, NVŠĮB!C25, VGNB!C13) -> 12 | D27: =SUM('SAV+VALST+NEVALST'!D25, NVŠĮB!D25, VGNB!D13) -> 91185 | E27: =SUM('SAV+VALST+NEVALST'!E25, NVŠĮB!E25, VGNB!E13) -> 3023 | F27: =SUM('SAV+VALST+NEVALST'!F25, NVŠĮB!F25, VGNB!F13) -> 16222 | G27: =SUM('SAV+VALST+NEVALST'!G25, NVŠĮB!G25, VGNB!G13) -> 12713 | H27: =SUM('SAV+VALST+NEVALST'!H25, NVŠĮB!H25, VGNB!H13) -> 12 | I27: =SUM('SAV+VALST+NEVALST'!I25, NVŠĮB!I25, VGNB!I13) -> 11 | J27: =SUM('SAV+VALST+NEVALST'!J25, NVŠĮB!J25, VGNB!J13) -> 11
B28: Raseinių r. | C28: =SUM('SAV+VALST+NEVALST'!C26, NVŠĮB!C26) -> 11 | D28: =SUM('SAV+VALST+NEVALST'!D26, NVŠĮB!D26) -> 106890 | E28: =SUM('SAV+VALST+NEVALST'!E26, NVŠĮB!E26) -> 3110 | F28: =SUM('SAV+VALST+NEVALST'!F26, NVŠĮB!F26) -> 34039 | G28: =SUM('SAV+VALST+NEVALST'!G26, NVŠĮB!G26) -> 73436 | H28: =SUM('SAV+VALST+NEVALST'!H26, NVŠĮB!H26) -> 13 | I28: =SUM('SAV+VALST+NEVALST'!I26, NVŠĮB!I26) -> 11 | J28: =SUM('SAV+VALST+NEVALST'!J26, NVŠĮB!J26) -> 11
B29: Iš viso | C29: =SUM(C21:C28) -> 158 | D29: =SUM(D21:D28) -> 1446238 | E29: =SUM(E21:E28) -> 63062 | F29: =SUM(F21:F28) -> 589956 | G29: =SUM(G21:G28) -> 775653 | H29: =SUM(H21:H28) -> 201 | I29: =SUM(I21:I28) -> 153 | J29: =SUM(J21:J28) -> 153
B30: Klaipėdos apskritis
B31: Klaipėdos m. | C31: =SUM('SAV+VALST+NEVALST'!C29, NVŠĮB!C29) -> 39 | D31: =SUM('SAV+VALST+NEVALST'!D29, NVŠĮB!D29) -> 443751 | E31: =SUM('SAV+VALST+NEVALST'!E29, NVŠĮB!E29) -> 17269 | F31: =SUM('SAV+VALST+NEVALST'!F29, NVŠĮB!F29) -> 193584 | G31: =SUM('SAV+VALST+NEVALST'!G29, NVŠĮB!G29) -> 166167 | H31: =SUM('SAV+VALST+NEVALST'!H29, NVŠĮB!H29) -> 49 | I31: =SUM('SAV+VALST+NEVALST'!I29, NVŠĮB!I29) -> 37 | J31: =SUM('SAV+VALST+NEVALST'!J29, NVŠĮB!J29) -> 37
B32: Klaipėdos r. | C32: =SUM('SAV+VALST+NEVALST'!C30, NVŠĮB!C30) -> 14 | D32: =SUM('SAV+VALST+NEVALST'!D30, NVŠĮB!D30) -> 120259 | E32: =SUM('SAV+VALST+NEVALST'!E30, NVŠĮB!E30) -> 4859 | F32: =SUM('SAV+VALST+NEVALST'!F30, NVŠĮB!F30) -> 52546 | G32: =SUM('SAV+VALST+NEVALST'!G30, NVŠĮB!G30) -> 69396 | H32: =SUM('SAV+VALST+NEVALST'!H30, NVŠĮB!H30) -> 24 | I32: =SUM('SAV+VALST+NEVALST'!I30, NVŠĮB!I30) -> 14 | J32: =SUM('SAV+VALST+NEVALST'!J30, NVŠĮB!J30) -> 14
B33: Kretingos r. | C33: =SUM('SAV+VALST+NEVALST'!C31, NVŠĮB!C31) -> 14 | D33: =SUM('SAV+VALST+NEVALST'!D31, NVŠĮB!D31) -> 93080 | E33: =SUM('SAV+VALST+NEVALST'!E31, NVŠĮB!E31) -> 4995 | F33: =SUM('SAV+VALST+NEVALST'!F31, NVŠĮB!F31) -> 38507 | G33: =SUM('SAV+VALST+NEVALST'!G31, NVŠĮB!G31) -> 71341 | H33: =SUM('SAV+VALST+NEVALST'!H31, NVŠĮB!H31) -> 21 | I33: =SUM('SAV+VALST+NEVALST'!I31, NVŠĮB!I31) -> 14 | J33: =SUM('SAV+VALST+NEVALST'!J31, NVŠĮB!J31) -> 14
B34: Neringos sav. | C34: =SUM('SAV+VALST+NEVALST'!C32, NVŠĮB!C32) -> 1 | D34: =SUM('SAV+VALST+NEVALST'!D32, NVŠĮB!D32) -> 12267 | E34: =SUM('SAV+VALST+NEVALST'!E32, NVŠĮB!E32) -> 110 | F34: =SUM('SAV+VALST+NEVALST'!F32, NVŠĮB!F32) -> 1378 | G34: =SUM('SAV+VALST+NEVALST'!G32, NVŠĮB!G32) -> 1452 | H34: =SUM('SAV+VALST+NEVALST'!H32, NVŠĮB!H32) -> 1 | I34: =SUM('SAV+VALST+NEVALST'!I32, NVŠĮB!I32) -> 1 | J34: =SUM('SAV+VALST+NEVALST'!J32, NVŠĮB!J32) -> 1
B35: Palangos m. sav. | C35: =SUM('SAV+VALST+NEVALST'!C33, NVŠĮB!C33) -> 7 | D35: =SUM('SAV+VALST+NEVALST'!D33, NVŠĮB!D33) -> 92183 | E35: =SUM('SAV+VALST+NEVALST'!E33, NVŠĮB!E33) -> 3507 | F35: =SUM('SAV+VALST+NEVALST'!F33, NVŠĮB!F33) -> 20058 | G35: =SUM('SAV+VALST+NEVALST'!G33, NVŠĮB!G33) -> 35400 | H35: =SUM('SAV+VALST+NEVALST'!H33, NVŠĮB!H33) -> 10 | I35: =SUM('SAV+VALST+NEVALST'!I33, NVŠĮB!I33) -> 7 | J35: =SUM('SAV+VALST+NEVALST'!J33, NVŠĮB!J33) -> 7
B36: Skuodo r. | C36: =SUM('SAV+VALST+NEVALST'!C34, NVŠĮB!C34) -> 5 | D36: =SUM('SAV+VALST+NEVALST'!D34, NVŠĮB!D34) -> 53386 | E36: =SUM('SAV+VALST+NEVALST'!E34, NVŠĮB!E34) -> 1172 | F36: =SUM('SAV+VALST+NEVALST'!F34, NVŠĮB!F34) -> 20126 | G36: =SUM('SAV+VALST+NEVALST'!G34, NVŠĮB!G34) -> 15310 | H36: =SUM('SAV+VALST+NEVALST'!H34, NVŠĮB!H34) -> 5 | I36: =SUM('SAV+VALST+NEVALST'!I34, NVŠĮB!I34) -> 4 | J36: =SUM('SAV+VALST+NEVALST'!J34, NVŠĮB!J34) -> 4
B37: Šilutės r. | C37: =SUM('SAV+VALST+NEVALST'!C35, NVŠĮB!C35) -> 12 | D37: =SUM('SAV+VALST+NEVALST'!D35, NVŠĮB!D35) -> 122879 | E37: =SUM('SAV+VALST+NEVALST'!E35, NVŠĮB!E35) -> 3969 | F37: =SUM('SAV+VALST+NEVALST'!F35, NVŠĮB!F35) -> 43510 | G37: =SUM('SAV+VALST+NEVALST'!G35, NVŠĮB!G35) -> 66759 | H37: =SUM('SAV+VALST+NEVALST'!H35, NVŠĮB!H35) -> 15 | I37: =SUM('SAV+VALST+NEVALST'!I35, NVŠĮB!I35) -> 11 | J37: =SUM('SAV+VALST+NEVALST'!J35, NVŠĮB!J35) -> 11
B38: Iš viso | C38: =SUM(C31:C37) -> 92 | D38: =SUM(D31:D37) -> 937805 | E38: =SUM(E31:E37) -> 35881 | F38: =SUM(F31:F37) -> 369709 | G38: =SUM(G31:G37) -> 425825 | H38: =SUM(H31:H37) -> 125 | I38: =SUM(I31:I37) -> 88 | J38: =SUM(J31:J37) -> 88
B39: Marijampolės apskr.
B40: Kalvarijos sav. | C40: =SUM('SAV+VALST+NEVALST'!C38, NVŠĮB!C38) -> 4 | D40: =SUM('SAV+VALST+NEVALST'!D38, NVŠĮB!D38) -> 43480 | E40: =SUM('SAV+VALST+NEVALST'!E38, NVŠĮB!E38) -> 781 | F40: =SUM('SAV+VALST+NEVALST'!F38, NVŠĮB!F38) -> 5155 | G40: =SUM('SAV+VALST+NEVALST'!G38, NVŠĮB!G38) -> 9043 | H40: =SUM('SAV+VALST+NEVALST'!H38, NVŠĮB!H38) -> 5 | I40: =SUM('SAV+VALST+NEVALST'!I38, NVŠĮB!I38) -> 4 | J40: =SUM('SAV+VALST+NEVALST'!J38, NVŠĮB!J38) -> 4
B41: Kazlų Rūdos sav. | C41: =SUM('SAV+VALST+NEVALST'!C39, NVŠĮB!C39) -> 3 | D41: =SUM('SAV+VALST+NEVALST'!D39, NVŠĮB!D39) -> 16553 | E41: =SUM('SAV+VALST+NEVALST'!E39, NVŠĮB!E39) -> 694 | F41: =SUM('SAV+VALST+NEVALST'!F39, NVŠĮB!F39) -> 9273 | G41: =SUM('SAV+VALST+NEVALST'!G39, NVŠĮB!G39) -> 8224 | H41: =SUM('SAV+VALST+NEVALST'!H39, NVŠĮB!H39) -> 4 | I41: =SUM('SAV+VALST+NEVALST'!I39, NVŠĮB!I39) -> 3 | J41: =SUM('SAV+VALST+NEVALST'!J39, NVŠĮB!J39) -> 3
B42: Marijampolės sav. | C42: =SUM('SAV+VALST+NEVALST'!C40, NVŠĮB!C40) -> 17 | D42: =SUM('SAV+VALST+NEVALST'!D40, NVŠĮB!D40) -> 162106 | E42: =SUM('SAV+VALST+NEVALST'!E40, NVŠĮB!E40) -> 6101 | F42: =SUM('SAV+VALST+NEVALST'!F40, NVŠĮB!F40) -> 51368 | G42: =SUM('SAV+VALST+NEVALST'!G40, NVŠĮB!G40) -> 79231 | H42: =SUM('SAV+VALST+NEVALST'!H40, NVŠĮB!H40) -> 20 | I42: =SUM('SAV+VALST+NEVALST'!I40, NVŠĮB!I40) -> 17 | J42: =SUM('SAV+VALST+NEVALST'!J40, NVŠĮB!J40) -> 17
B43: Šakių r. | C43: =SUM('SAV+VALST+NEVALST'!C41, NVŠĮB!C41) -> 11 | D43: =SUM('SAV+VALST+NEVALST'!D41, NVŠĮB!D41) -> 120378 | E43: =SUM('SAV+VALST+NEVALST'!E41, NVŠĮB!E41) -> 3128 | F43: =SUM('SAV+VALST+NEVALST'!F41, NVŠĮB!F41) -> 28476 | G43: =SUM('SAV+VALST+NEVALST'!G41, NVŠĮB!G41) -> 42860 | H43: =SUM('SAV+VALST+NEVALST'!H41, NVŠĮB!H41) -> 13 | I43: =SUM('SAV+VALST+NEVALST'!I41, NVŠĮB!I41) -> 9 | J43: =SUM('SAV+VALST+NEVALST'!J41, NVŠĮB!J41) -> 9
B44: Vilkaviškio r. | C44: =SUM('SAV+VALST+NEVALST'!C42, NVŠĮB!C42) -> 14 | D44: =SUM('SAV+VALST+NEVALST'!D42, NVŠĮB!D42) -> 173282 | E44: =SUM('SAV+VALST+NEVALST'!E42, NVŠĮB!E42) -> 4083 | F44: =SUM('SAV+VALST+NEVALST'!F42, NVŠĮB!F42) -> 29781 | G44: =SUM('SAV+VALST+NEVALST'!G42, NVŠĮB!G42) -> 88564 | H44: =SUM('SAV+VALST+NEVALST'!H42, NVŠĮB!H42) -> 22 | I44: =SUM('SAV+VALST+NEVALST'!I42, NVŠĮB!I42) -> 14 | J44: =SUM('SAV+VALST+NEVALST'!J42, NVŠĮB!J42) -> 14
B45: Iš viso | C45: =SUM(C40:C44) -> 49 | D45: =SUM(D40:D44) -> 515799 | E45: =SUM(E40:E44) -> 14787 | F45: =SUM(F40:F44) -> 124053 | G45: =SUM(G40:G44) -> 227922 | H45: =SUM(H40:H44) -> 64 | I45: =SUM(I40:I44) -> 47 | J45: =SUM(J40:J44) -> 47
B46: Panevėžio apskritis
B47: Biržų r. | C47: =SUM('SAV+VALST+NEVALST'!C45, NVŠĮB!C45) -> 6 | D47: =SUM('SAV+VALST+NEVALST'!D45, NVŠĮB!D45) -> 127648 | E47: =SUM('SAV+VALST+NEVALST'!E45, NVŠĮB!E45) -> 2450 | F47: =SUM('SAV+VALST+NEVALST'!F45, NVŠĮB!F45) -> 19884 | G47: =SUM('SAV+VALST+NEVALST'!G45, NVŠĮB!G45) -> 21392 | H47: =SUM('SAV+VALST+NEVALST'!H45, NVŠĮB!H45) -> 11 | I47: =SUM('SAV+VALST+NEVALST'!I45, NVŠĮB!I45) -> 5 | J47: =SUM('SAV+VALST+NEVALST'!J45, NVŠĮB!J45) -> 5
B48: Kupiškio r. | C48: =SUM('SAV+VALST+NEVALST'!C46, NVŠĮB!C46) -> 5 | D48: =SUM('SAV+VALST+NEVALST'!D46, NVŠĮB!D46) -> 44844 | E48: =SUM('SAV+VALST+NEVALST'!E46, NVŠĮB!E46) -> 1487 | F48: =SUM('SAV+VALST+NEVALST'!F46, NVŠĮB!F46) -> 14330 | G48: =SUM('SAV+VALST+NEVALST'!G46, NVŠĮB!G46) -> 11849 | H48: =SUM('SAV+VALST+NEVALST'!H46, NVŠĮB!H46) -> 7 | I48: =SUM('SAV+VALST+NEVALST'!I46, NVŠĮB!I46) -> 4 | J48: =SUM('SAV+VALST+NEVALST'!J46, NVŠĮB!J46) -> 4
B49: Panevėžio m. | C49: =SUM('SAV+VALST+NEVALST'!C47, NVŠĮB!C47) -> 23 | D49: =SUM('SAV+VALST+NEVALST'!D47, NVŠĮB!D47) -> 267111 | E49: =SUM('SAV+VALST+NEVALST'!E47, NVŠĮB!E47) -> 10886 | F49: =SUM('SAV+VALST+NEVALST'!F47, NVŠĮB!F47) -> 116436 | G49: =SUM('SAV+VALST+NEVALST'!G47, NVŠĮB!G47) -> 186944 | H49: =SUM('SAV+VALST+NEVALST'!H47, NVŠĮB!H47) -> 36 | I49: =SUM('SAV+VALST+NEVALST'!I47, NVŠĮB!I47) -> 23 | J49: =SUM('SAV+VALST+NEVALST'!J47, NVŠĮB!J47) -> 23
B50: Panevėžio r. | C50: =SUM('SAV+VALST+NEVALST'!C48, NVŠĮB!C48) -> 12 | D50: =SUM('SAV+VALST+NEVALST'!D48, NVŠĮB!D48) -> 125552 | E50: =SUM('SAV+VALST+NEVALST'!E48, NVŠĮB!E48) -> 2559 | F50: =SUM('SAV+VALST+NEVALST'!F48, NVŠĮB!F48) -> 34747 | G50: =SUM('SAV+VALST+NEVALST'!G48, NVŠĮB!G48) -> 29659 | H50: =SUM('SAV+VALST+NEVALST'!H48, NVŠĮB!H48) -> 15 | I50: =SUM('SAV+VALST+NEVALST'!I48, NVŠĮB!I48) -> 10 | J50: =SUM('SAV+VALST+NEVALST'!J48, NVŠĮB!J48) -> 10
B51: Pasvalio r. | C51: =SUM('SAV+VALST+NEVALST'!C49, NVŠĮB!C49) -> 10 | D51: =SUM('SAV+VALST+NEVALST'!D49, NVŠĮB!D49) -> 124640 | E51: =SUM('SAV+VALST+NEVALST'!E49, NVŠĮB!E49) -> 2413 | F51: =SUM('SAV+VALST+NEVALST'!F49, NVŠĮB!F49) -> 23171 | G51: =SUM('SAV+VALST+NEVALST'!G49, NVŠĮB!G49) -> 50648 | H51: =SUM('SAV+VALST+NEVALST'!H49, NVŠĮB!H49) -> 11 | I51: =SUM('SAV+VALST+NEVALST'!I49, NVŠĮB!I49) -> 10 | J51: =SUM('SAV+VALST+NEVALST'!J49, NVŠĮB!J49) -> 10
B52: Rokiškio r. | C52: =SUM('SAV+VALST+NEVALST'!C50, NVŠĮB!C50, PŠCB!C18) -> 10 | D52: =SUM('SAV+VALST+NEVALST'!D50, NVŠĮB!D50, PŠCB!D18) -> 117437 | E52: =SUM('SAV+VALST+NEVALST'!E50, NVŠĮB!E50, PŠCB!E18) -> 2411 | F52: =SUM('SAV+VALST+NEVALST'!F50, NVŠĮB!F50, PŠCB!F18) -> 24313 | G52: =SUM('SAV+VALST+NEVALST'!G50, NVŠĮB!G50, PŠCB!G18) -> 25152 | H52: =SUM('SAV+VALST+NEVALST'!H50, NVŠĮB!H50, PŠCB!H18) -> 13 | I52: =SUM('SAV+VALST+NEVALST'!I50, NVŠĮB!I50, PŠCB!I18) -> 9 | J52: =SUM('SAV+VALST+NEVALST'!J50, NVŠĮB!J50, PŠCB!J18) -> 9
B53: Iš viso | C53: =SUM(C47:C52) -> 66 | D53: =SUM(D47:D52) -> 807232 | E53: =SUM(E47:E52) -> 22206 | F53: =SUM(F47:F52) -> 232881 | G53: =SUM(G47:G52) -> 325644 | H53: =SUM(H47:H52) -> 93 | I53: =SUM(I47:I52) -> 61 | J53: =SUM(J47:J52) -> 61
B72: Apskritys, savivaldybės | C72: Bibliotekų filialų skaičius | D72: Dokumentų fondas iš viso (fiz.vnt.) | E72: Vartotojų skaičius | F72: Dokumentų išduotis (fiz.vnt.) | G72: Lankytojų (apsilankymų) skaičius | H72: Profesionalių bibliotekininkų skaičius | I72: Bibliotekų, turinčių kompiuterius, skaičius
I74: iš viso | J74: su internetu
B75: 1 | C75: 2 | D75: 3 | E75: 4 | F75: 5 | G75: 6 | H75: 7 | I75: 8 | J75: 9
B76: Šiaulių apskritis
B77: Akmenės r. | C77: =SUM('SAV+VALST+NEVALST'!C77, NVŠĮB!C72) -> 8 | D77: =SUM('SAV+VALST+NEVALST'!D77, NVŠĮB!D72) -> 92842 | E77: =SUM('SAV+VALST+NEVALST'!E77, NVŠĮB!E72) -> 2153 | F77: =SUM('SAV+VALST+NEVALST'!F77, NVŠĮB!F72) -> 12802 | G77: =SUM('SAV+VALST+NEVALST'!G77, NVŠĮB!G72) -> 25677 | H77: =SUM('SAV+VALST+NEVALST'!H77, NVŠĮB!H72) -> 9 | I77: =SUM('SAV+VALST+NEVALST'!I77, NVŠĮB!I72) -> 7 | J77: =SUM('SAV+VALST+NEVALST'!J77, NVŠĮB!J72) -> 7
B78: Joniškio r. | C78: =SUM('SAV+VALST+NEVALST'!C78, NVŠĮB!C73) -> 7 | D78: =SUM('SAV+VALST+NEVALST'!D78, NVŠĮB!D73) -> 83940 | E78: =SUM('SAV+VALST+NEVALST'!E78, NVŠĮB!E73) -> 1874 | F78: =SUM('SAV+VALST+NEVALST'!F78, NVŠĮB!F73) -> 10975 | G78: =SUM('SAV+VALST+NEVALST'!G78, NVŠĮB!G73) -> 9637 | H78: =SUM('SAV+VALST+NEVALST'!H78, NVŠĮB!H73) -> 8 | I78: =SUM('SAV+VALST+NEVALST'!I78, NVŠĮB!I73) -> 7 | J78: =SUM('SAV+VALST+NEVALST'!J78, NVŠĮB!J73) -> 7
B79: Kelmės r. | C79: =SUM('SAV+VALST+NEVALST'!C79, NVŠĮB!C74) -> 9 | D79: =SUM('SAV+VALST+NEVALST'!D79, NVŠĮB!D74) -> 96850 | E79: =SUM('SAV+VALST+NEVALST'!E79, NVŠĮB!E74) -> 1994 | F79: =SUM('SAV+VALST+NEVALST'!F79, NVŠĮB!F74) -> 15953 | G79: =SUM('SAV+VALST+NEVALST'!G79, NVŠĮB!G74) -> 26040 | H79: =SUM('SAV+VALST+NEVALST'!H79, NVŠĮB!H74) -> 12 | I79: =SUM('SAV+VALST+NEVALST'!I79, NVŠĮB!I74) -> 9 | J79: =SUM('SAV+VALST+NEVALST'!J79, NVŠĮB!J74) -> 9
B80: Pakruojo r. | C80: =SUM('SAV+VALST+NEVALST'!C80, NVŠĮB!C75, PŠCB!C20) -> 9 | D80: =SUM('SAV+VALST+NEVALST'!D80, NVŠĮB!D75, PŠCB!D20) -> 75791 | E80: =SUM('SAV+VALST+NEVALST'!E80, NVŠĮB!E75, PŠCB!E20) -> 1402 | F80: =SUM('SAV+VALST+NEVALST'!F80, NVŠĮB!F75, PŠCB!F20) -> 13766 | G80: =SUM('SAV+VALST+NEVALST'!G80, NVŠĮB!G75, PŠCB!G20) -> 28315 | H80: =SUM('SAV+VALST+NEVALST'!H80, NVŠĮB!H75, PŠCB!H20) -> 8 | I80: =SUM('SAV+VALST+NEVALST'!I80, NVŠĮB!I75, PŠCB!I20) -> 9 | J80: =SUM('SAV+VALST+NEVALST'!J80, NVŠĮB!J75, PŠCB!J20) -> 9
B81: Radviliškio r. | C81: =SUM('SAV+VALST+NEVALST'!C81, NVŠĮB!C76) -> 12 | D81: =SUM('SAV+VALST+NEVALST'!D81, NVŠĮB!D76) -> 120171 | E81: =SUM('SAV+VALST+NEVALST'!E81, NVŠĮB!E76) -> 3775 | F81: =SUM('SAV+VALST+NEVALST'!F81, NVŠĮB!F76) -> 44708 | G81: =SUM('SAV+VALST+NEVALST'!G81, NVŠĮB!G76) -> 78784 | H81: =SUM('SAV+VALST+NEVALST'!H81, NVŠĮB!H76) -> 14 | I81: =SUM('SAV+VALST+NEVALST'!I81, NVŠĮB!I76) -> 12 | J81: =SUM('SAV+VALST+NEVALST'!J81, NVŠĮB!J76) -> 12
B82: Šiaulių m. | C82: =SUM('SAV+VALST+NEVALST'!C82, NVŠĮB!C77, PŠCB!C21) -> 34 | D82: =SUM('SAV+VALST+NEVALST'!D82, NVŠĮB!D77, PŠCB!D21) -> 312773 | E82: =SUM('SAV+VALST+NEVALST'!E82, NVŠĮB!E77, PŠCB!E21) -> 14985 | F82: =SUM('SAV+VALST+NEVALST'!F82, NVŠĮB!F77, PŠCB!F21) -> 131403 | G82: =SUM('SAV+VALST+NEVALST'!G82, NVŠĮB!G77, PŠCB!G21) -> 131323 | H82: =SUM('SAV+VALST+NEVALST'!H82, NVŠĮB!H77, PŠCB!H21) -> 40 | I82: =SUM('SAV+VALST+NEVALST'!I82, NVŠĮB!I77, PŠCB!I21) -> 33 | J82: =SUM('SAV+VALST+NEVALST'!J82, NVŠĮB!J77, PŠCB!J21) -> 33
B83: Šiaulių r. | C83: =SUM('SAV+VALST+NEVALST'!C83, NVŠĮB!C78) -> 11 | D83: =SUM('SAV+VALST+NEVALST'!D83, NVŠĮB!D78) -> 66209 | E83: =SUM('SAV+VALST+NEVALST'!E83, NVŠĮB!E78) -> 3120 | F83: =SUM('SAV+VALST+NEVALST'!F83, NVŠĮB!F78) -> 14674 | G83: =SUM('SAV+VALST+NEVALST'!G83, NVŠĮB!G78) -> 10021 | H83: =SUM('SAV+VALST+NEVALST'!H83, NVŠĮB!H78) -> 14 | I83: =SUM('SAV+VALST+NEVALST'!I83, NVŠĮB!I78) -> 11 | J83: =SUM('SAV+VALST+NEVALST'!J83, NVŠĮB!J78) -> 11
B84: Iš viso | C84: =SUM(C77:C83) -> 90 | D84: =SUM(D77:D83) -> 848576 | E84: =SUM(E77:E83) -> 29303 | F84: =SUM(F77:F83) -> 244281 | G84: =SUM(G77:G83) -> 309797 | H84: =SUM(H77:H83) -> 105 | I84: =SUM(I77:I83) -> 88 | J84: =SUM(J77:J83) -> 88
B85: Tauragės apskritis
B86: Jurbarko r. | C86: =SUM('SAV+VALST+NEVALST'!C86, NVŠĮB!C81) -> 13 | D86: =SUM('SAV+VALST+NEVALST'!D86, NVŠĮB!D81) -> 113037 | E86: =SUM('SAV+VALST+NEVALST'!E86, NVŠĮB!E81) -> 2514 | F86: =SUM('SAV+VALST+NEVALST'!F86, NVŠĮB!F81) -> 24122 | G86: =SUM('SAV+VALST+NEVALST'!G86, NVŠĮB!G81) -> 58410 | H86: =SUM('SAV+VALST+NEVALST'!H86, NVŠĮB!H81) -> 13 | I86: =SUM('SAV+VALST+NEVALST'!I86, NVŠĮB!I81) -> 10 | J86: =SUM('SAV+VALST+NEVALST'!J86, NVŠĮB!J81) -> 10
B87: Pagėgių sav. | C87: =SUM('SAV+VALST+NEVALST'!C87, NVŠĮB!C82) -> 2 | D87: =SUM('SAV+VALST+NEVALST'!D87, NVŠĮB!D82) -> 20372 | E87: =SUM('SAV+VALST+NEVALST'!E87, NVŠĮB!E82) -> 833 | F87: =SUM('SAV+VALST+NEVALST'!F87, NVŠĮB!F82) -> 8694 | G87: =SUM('SAV+VALST+NEVALST'!G87, NVŠĮB!G82) -> 12155 | H87: =SUM('SAV+VALST+NEVALST'!H87, NVŠĮB!H82) -> 2 | I87: =SUM('SAV+VALST+NEVALST'!I87, NVŠĮB!I82) -> 2 | J87: =SUM('SAV+VALST+NEVALST'!J87, NVŠĮB!J82) -> 2
B88: Šilalės r. | C88: =SUM('SAV+VALST+NEVALST'!C88, NVŠĮB!C83) -> 8 | D88: =SUM('SAV+VALST+NEVALST'!D88, NVŠĮB!D83) -> 103009 | E88: =SUM('SAV+VALST+NEVALST'!E88, NVŠĮB!E83) -> 2559 | F88: =SUM('SAV+VALST+NEVALST'!F88, NVŠĮB!F83) -> 69842 | G88: =SUM('SAV+VALST+NEVALST'!G88, NVŠĮB!G83) -> 71750 | H88: =SUM('SAV+VALST+NEVALST'!H88, NVŠĮB!H83) -> 7 | I88: =SUM('SAV+VALST+NEVALST'!I88, NVŠĮB!I83) -> 7 | J88: =SUM('SAV+VALST+NEVALST'!J88, NVŠĮB!J83) -> 7
B89: Tauragės r. | C89: =SUM('SAV+VALST+NEVALST'!C89, NVŠĮB!C84) -> 10 | D89: =SUM('SAV+VALST+NEVALST'!D89, NVŠĮB!D84) -> 148521 | E89: =SUM('SAV+VALST+NEVALST'!E89, NVŠĮB!E84) -> 3693 | F89: =SUM('SAV+VALST+NEVALST'!F89, NVŠĮB!F84) -> 17615 | G89: =SUM('SAV+VALST+NEVALST'!G89, NVŠĮB!G84) -> 16341 | H89: =SUM('SAV+VALST+NEVALST'!H89, NVŠĮB!H84) -> 9 | I89: =SUM('SAV+VALST+NEVALST'!I89, NVŠĮB!I84) -> 10 | J89: =SUM('SAV+VALST+NEVALST'!J89, NVŠĮB!J84) -> 10
B90: Iš viso | C90: =SUM(C86:C89) -> 33 | D90: =SUM(D86:D89) -> 384939 | E90: =SUM(E86:E89) -> 9599 | F90: =SUM(F86:F89) -> 120273 | G90: =SUM(G86:G89) -> 158656 | H90: =SUM(H86:H89) -> 31 | I90: =SUM(I86:I89) -> 29 | J90: =SUM(J86:J89) -> 29
B91: Telšių apskritis
B92: Mažeikių r. | C92: =SUM('SAV+VALST+NEVALST'!C92, NVŠĮB!C87) -> 18 | D92: =SUM('SAV+VALST+NEVALST'!D92, NVŠĮB!D87) -> 141234 | E92: =SUM('SAV+VALST+NEVALST'!E92, NVŠĮB!E87) -> 5846 | F92: =SUM('SAV+VALST+NEVALST'!F92, NVŠĮB!F87) -> 74744 | G92: =SUM('SAV+VALST+NEVALST'!G92, NVŠĮB!G87) -> 69153 | H92: =SUM('SAV+VALST+NEVALST'!H92, NVŠĮB!H87) -> 27 | I92: =SUM('SAV+VALST+NEVALST'!I92, NVŠĮB!I87) -> 18 | J92: =SUM('SAV+VALST+NEVALST'!J92, NVŠĮB!J87) -> 18
B93: Plungės r. | C93: =SUM('SAV+VALST+NEVALST'!C93, NVŠĮB!C88) -> 12 | D93: =SUM('SAV+VALST+NEVALST'!D93, NVŠĮB!D88) -> 138079 | E93: =SUM('SAV+VALST+NEVALST'!E93, NVŠĮB!E88) -> 4633 | F93: =SUM('SAV+VALST+NEVALST'!F93, NVŠĮB!F88) -> 25821 | G93: =SUM('SAV+VALST+NEVALST'!G93, NVŠĮB!G88) -> 45105 | H93: =SUM('SAV+VALST+NEVALST'!H93, NVŠĮB!H88) -> 18 | I93: =SUM('SAV+VALST+NEVALST'!I93, NVŠĮB!I88) -> 11 | J93: =SUM('SAV+VALST+NEVALST'!J93, NVŠĮB!J88) -> 11
B94: Rietavo sav. | C94: =SUM('SAV+VALST+NEVALST'!C94, NVŠĮB!C89) -> 3 | D94: =SUM('SAV+VALST+NEVALST'!D94, NVŠĮB!D89) -> 37073 | E94: =SUM('SAV+VALST+NEVALST'!E94, NVŠĮB!E89) -> 669 | F94: =SUM('SAV+VALST+NEVALST'!F94, NVŠĮB!F89) -> 3388 | G94: =SUM('SAV+VALST+NEVALST'!G94, NVŠĮB!G89) -> 3266 | H94: =SUM('SAV+VALST+NEVALST'!H94, NVŠĮB!H89) -> 4 | I94: =SUM('SAV+VALST+NEVALST'!I94, NVŠĮB!I89) -> 2 | J94: =SUM('SAV+VALST+NEVALST'!J94, NVŠĮB!J89) -> 2
B95: Telšių r. | C95: =SUM('SAV+VALST+NEVALST'!C95, NVŠĮB!C90) -> 13 | D95: =SUM('SAV+VALST+NEVALST'!D95, NVŠĮB!D90) -> 137032 | E95: =SUM('SAV+VALST+NEVALST'!E95, NVŠĮB!E90) -> 4084 | F95: =SUM('SAV+VALST+NEVALST'!F95, NVŠĮB!F90) -> 35577 | G95: =SUM('SAV+VALST+NEVALST'!G95, NVŠĮB!G90) -> 45521 | H95: =SUM('SAV+VALST+NEVALST'!H95, NVŠĮB!H90) -> 14 | I95: =SUM('SAV+VALST+NEVALST'!I95, NVŠĮB!I90) -> 12 | J95: =SUM('SAV+VALST+NEVALST'!J95, NVŠĮB!J90) -> 12
B96: Iš viso | C96: =SUM(C92:C95) -> 46 | D96: =SUM(D92:D95) -> 453418 | E96: =SUM(E92:E95) -> 15232 | F96: =SUM(F92:F95) -> 139530 | G96: =SUM(G92:G95) -> 163045 | H96: =SUM(H92:H95) -> 63 | I96: =SUM(I92:I95) -> 43 | J96: =SUM(J92:J95) -> 43
B97: Utenos apskritis
B98: Anykščių r. | C98: =SUM('SAV+VALST+NEVALST'!C98, NVŠĮB!C93) -> 7 | D98: =SUM('SAV+VALST+NEVALST'!D98, NVŠĮB!D93) -> 77651 | E98: =SUM('SAV+VALST+NEVALST'!E98, NVŠĮB!E93) -> 2021 | F98: =SUM('SAV+VALST+NEVALST'!F98, NVŠĮB!F93) -> 16661 | G98: =SUM('SAV+VALST+NEVALST'!G98, NVŠĮB!G93) -> 21944 | H98: =SUM('SAV+VALST+NEVALST'!H98, NVŠĮB!H93) -> 8 | I98: =SUM('SAV+VALST+NEVALST'!I98, NVŠĮB!I93) -> 6 | J98: =SUM('SAV+VALST+NEVALST'!J98, NVŠĮB!J93) -> 6
B99: Ignalinos r. | C99: =SUM('SAV+VALST+NEVALST'!C99, ŠPTB!C21) -> 4 | D99: =SUM('SAV+VALST+NEVALST'!D99, ŠPTB!D21) -> 47597 | E99: =SUM('SAV+VALST+NEVALST'!E99, ŠPTB!E21) -> 1175 | F99: =SUM('SAV+VALST+NEVALST'!F99, ŠPTB!F21) -> 10712 | G99: =SUM('SAV+VALST+NEVALST'!G99, ŠPTB!G21) -> 14576 | H99: =SUM('SAV+VALST+NEVALST'!H99, ŠPTB!H21) -> 7 | I99: =SUM('SAV+VALST+NEVALST'!I99, ŠPTB!I21) -> 4 | J99: =SUM('SAV+VALST+NEVALST'!J99, ŠPTB!J21) -> 4
B100: Molėtų r. | C100: =SUM('SAV+VALST+NEVALST'!C100, NVŠĮB!C95) -> 4 | D100: =SUM('SAV+VALST+NEVALST'!D100, NVŠĮB!D95) -> 43553 | E100: =SUM('SAV+VALST+NEVALST'!E100, NVŠĮB!E95) -> 1199 | F100: =SUM('SAV+VALST+NEVALST'!F100, NVŠĮB!F95) -> 13429 | G100: =SUM('SAV+VALST+NEVALST'!G100, NVŠĮB!G95) -> 12682 | H100: =SUM('SAV+VALST+NEVALST'!H100, NVŠĮB!H95) -> 4 | I100: =SUM('SAV+VALST+NEVALST'!I100, NVŠĮB!I95) -> 4 | J100: =SUM('SAV+VALST+NEVALST'!J100, NVŠĮB!J95) -> 4
B101: Utenos r. | C101: =SUM('SAV+VALST+NEVALST'!C101, NVŠĮB!C96) -> 6 | D101: =SUM('SAV+VALST+NEVALST'!D101, NVŠĮB!D96) -> 35739 | E101: =SUM('SAV+VALST+NEVALST'!E101, NVŠĮB!E96) -> 1862 | F101: =SUM('SAV+VALST+NEVALST'!F101, NVŠĮB!F96) -> 25026 | G101: =SUM('SAV+VALST+NEVALST'!G101, NVŠĮB!G96) -> 30066 | H101: =SUM('SAV+VALST+NEVALST'!H101, NVŠĮB!H96) -> 8 | I101: =SUM('SAV+VALST+NEVALST'!I101, NVŠĮB!I96) -> 6 | J101: =SUM('SAV+VALST+NEVALST'!J101, NVŠĮB!J96) -> 6
B102: Visagino sav. | C102: =SUM('SAV+VALST+NEVALST'!C102, NVŠĮB!C97) -> 5 | D102: =SUM('SAV+VALST+NEVALST'!D102, NVŠĮB!D97) -> 48459 | E102: =SUM('SAV+VALST+NEVALST'!E102, NVŠĮB!E97) -> 1741 | F102: =SUM('SAV+VALST+NEVALST'!F102, NVŠĮB!F97) -> 19182 | G102: =SUM('SAV+VALST+NEVALST'!G102, NVŠĮB!G97) -> 14872 | H102: =SUM('SAV+VALST+NEVALST'!H102, NVŠĮB!H97) -> 5 | I102: =SUM('SAV+VALST+NEVALST'!I102, NVŠĮB!I97) -> 5 | J102: =SUM('SAV+VALST+NEVALST'!J102, NVŠĮB!J97) -> 5
B103: Zarasų r. | C103: =SUM('SAV+VALST+NEVALST'!C103, NVŠĮB!C98) -> 5 | D103: =SUM('SAV+VALST+NEVALST'!D103, NVŠĮB!D98) -> 57688 | E103: =SUM('SAV+VALST+NEVALST'!E103, NVŠĮB!E98) -> 634 | F103: =SUM('SAV+VALST+NEVALST'!F103, NVŠĮB!F98) -> 2908 | G103: =SUM('SAV+VALST+NEVALST'!G103, NVŠĮB!G98) -> 3837 | H103: =SUM('SAV+VALST+NEVALST'!H103, NVŠĮB!H98) -> 5 | I103: =SUM('SAV+VALST+NEVALST'!I103, NVŠĮB!I98) -> 5 | J103: =SUM('SAV+VALST+NEVALST'!J103, NVŠĮB!J98) -> 5
B104: Iš viso | C104: =SUM(C98:C103) -> 31 | D104: =SUM(D98:D103) -> 310687 | E104: =SUM(E98:E103) -> 8632 | F104: =SUM(F98:F103) -> 87918 | G104: =SUM(G98:G103) -> 97977 | H104: =SUM(H98:H103) -> 37 | I104: =SUM(I98:I103) -> 30 | J104: =SUM(J98:J103) -> 30
B105: Vilniaus apskritis
B106: Elektrėnų sav. | C106: =SUM('SAV+VALST+NEVALST'!C106, NVŠĮB!C101) -> 9 | D106: =SUM('SAV+VALST+NEVALST'!D106, NVŠĮB!D101) -> 82555 | E106: =SUM('SAV+VALST+NEVALST'!E106, NVŠĮB!E101) -> 2276 | F106: =SUM('SAV+VALST+NEVALST'!F106, NVŠĮB!F101) -> 16177 | G106: =SUM('SAV+VALST+NEVALST'!G106, NVŠĮB!G101) -> 24309 | H106: =SUM('SAV+VALST+NEVALST'!H106, NVŠĮB!H101) -> 15 | I106: =SUM('SAV+VALST+NEVALST'!I106, NVŠĮB!I101) -> 8 | J106: =SUM('SAV+VALST+NEVALST'!J106, NVŠĮB!J101) -> 8
B107: Šalčininkų r. | C107: =SUM('SAV+VALST+NEVALST'!C107, NVŠĮB!C102) -> 21 | D107: =SUM('SAV+VALST+NEVALST'!D107, NVŠĮB!D102) -> 115868 | E107: =SUM('SAV+VALST+NEVALST'!E107, NVŠĮB!E102) -> 3844 | F107: =SUM('SAV+VALST+NEVALST'!F107, NVŠĮB!F102) -> 51526 | G107: =SUM('SAV+VALST+NEVALST'!G107, NVŠĮB!G102) -> 62887 | H107: =SUM('SAV+VALST+NEVALST'!H107, NVŠĮB!H102) -> 19 | I107: =SUM('SAV+VALST+NEVALST'!I107, NVŠĮB!I102) -> 19 | J107: =SUM('SAV+VALST+NEVALST'!J107, NVŠĮB!J102) -> 19
B108: Širvintų r. | C108: =SUM('SAV+VALST+NEVALST'!C108, NVŠĮB!C103) -> 6 | D108: =SUM('SAV+VALST+NEVALST'!D108, NVŠĮB!D103) -> 40958 | E108: =SUM('SAV+VALST+NEVALST'!E108, NVŠĮB!E103) -> 1721 | F108: =SUM('SAV+VALST+NEVALST'!F108, NVŠĮB!F103) -> 27984 | G108: =SUM('SAV+VALST+NEVALST'!G108, NVŠĮB!G103) -> 21565 | H108: =SUM('SAV+VALST+NEVALST'!H108, NVŠĮB!H103) -> 4 | I108: =SUM('SAV+VALST+NEVALST'!I108, NVŠĮB!I103) -> 6 | J108: =SUM('SAV+VALST+NEVALST'!J108, NVŠĮB!J103) -> 6
B109: Švenčionių r. | C109: =SUM('SAV+VALST+NEVALST'!C109, NVŠĮB!C104, ŠPTB!C23) -> 7 | D109: =SUM('SAV+VALST+NEVALST'!D109, NVŠĮB!D104, ŠPTB!D23) -> 88847 | E109: =SUM('SAV+VALST+NEVALST'!E109, NVŠĮB!E104, ŠPTB!E23) -> 2243 | F109: =SUM('SAV+VALST+NEVALST'!F109, NVŠĮB!F104, ŠPTB!F23) -> 21935 | G109: =SUM('SAV+VALST+NEVALST'!G109, NVŠĮB!G104, ŠPTB!G23) -> 24152 | H109: =SUM('SAV+VALST+NEVALST'!H109, NVŠĮB!H104, ŠPTB!H23) -> 8 | I109: =SUM('SAV+VALST+NEVALST'!I109, NVŠĮB!I104, ŠPTB!I23) -> 4 | J109: =SUM('SAV+VALST+NEVALST'!J109, NVŠĮB!J104, ŠPTB!J23) -> 4
B110: Trakų r. | C110: =SUM('SAV+VALST+NEVALST'!C110, NVŠĮB!C105) -> 16 | D110: =SUM('SAV+VALST+NEVALST'!D110, NVŠĮB!D105) -> 132677 | E110: =SUM('SAV+VALST+NEVALST'!E110, NVŠĮB!E105) -> 3233 | F110: =SUM('SAV+VALST+NEVALST'!F110, NVŠĮB!F105) -> 25478 | G110: =SUM('SAV+VALST+NEVALST'!G110, NVŠĮB!G105) -> 42854 | H110: =SUM('SAV+VALST+NEVALST'!H110, NVŠĮB!H105) -> 20 | I110: =SUM('SAV+VALST+NEVALST'!I110, NVŠĮB!I105) -> 14 | J110: =SUM('SAV+VALST+NEVALST'!J110, NVŠĮB!J105) -> 14
B111: Ukmergės r. | C111: =SUM('SAV+VALST+NEVALST'!C111, NVŠĮB!C106) -> 12 | D111: =SUM('SAV+VALST+NEVALST'!D111, NVŠĮB!D106) -> 110998 | E111: =SUM('SAV+VALST+NEVALST'!E111, NVŠĮB!E106) -> 3533 | F111: =SUM('SAV+VALST+NEVALST'!F111, NVŠĮB!F106) -> 28333 | G111: =SUM('SAV+VALST+NEVALST'!G111, NVŠĮB!G106) -> 40196 | H111: =SUM('SAV+VALST+NEVALST'!H111, NVŠĮB!H106) -> 14 | I111: =SUM('SAV+VALST+NEVALST'!I111, NVŠĮB!I106) -> 11 | J111: =SUM('SAV+VALST+NEVALST'!J111, NVŠĮB!J106) -> 11
B112: Vilniaus m. | C112: =SUM('SAV+VALST+NEVALST'!C112, NVŠĮB!C107) -> 126 | D112: =SUM('SAV+VALST+NEVALST'!D112, NVŠĮB!D107) -> 1214188 | E112: =SUM('SAV+VALST+NEVALST'!E112, NVŠĮB!E107) -> 66941 | F112: =SUM('SAV+VALST+NEVALST'!F112, NVŠĮB!F107) -> 652246 | G112: =SUM('SAV+VALST+NEVALST'!G112, NVŠĮB!G107) -> 843539 | H112: =SUM('SAV+VALST+NEVALST'!H112, NVŠĮB!H107) -> 181 | I112: =SUM('SAV+VALST+NEVALST'!I112, NVŠĮB!I107) -> 122 | J112: =SUM('SAV+VALST+NEVALST'!J112, NVŠĮB!J107) -> 122
B113: Vilniaus r. | C113: =SUM('SAV+VALST+NEVALST'!C113, NVŠĮB!C108) -> 40 | D113: =SUM('SAV+VALST+NEVALST'!D113, NVŠĮB!D108) -> 374361 | E113: =SUM('SAV+VALST+NEVALST'!E113, NVŠĮB!E108) -> 9264 | F113: =SUM('SAV+VALST+NEVALST'!F113, NVŠĮB!F108) -> 84082 | G113: =SUM('SAV+VALST+NEVALST'!G113, NVŠĮB!G108) -> 131734 | H113: =SUM('SAV+VALST+NEVALST'!H113, NVŠĮB!H108) -> 58 | I113: =SUM('SAV+VALST+NEVALST'!I113, NVŠĮB!I108) -> 38 | J113: =SUM('SAV+VALST+NEVALST'!J113, NVŠĮB!J108) -> 38
B114: Iš viso | C114: =SUM(C106:C113) -> 237 | D114: =SUM(D106:D113) -> 2160452 | E114: =SUM(E106:E113) -> 93055 | F114: =SUM(F106:F113) -> 907761 | G114: =SUM(G106:G113) -> 1191236 | H114: =SUM(H106:H113) -> 319 | I114: =SUM(I106:I113) -> 222 | J114: =SUM(J106:J113) -> 222
B115: Iš viso šalyje | C115: =C19+C29+C38+C45+C53+C84+C90+C96+C104+C114 -> 839 | D115: =D19+D29+D38+D45+D53+D84+D90+D96+D104+D114 -> 8281029 | E115: =E19+E29+E38+E45+E53+E84+E90+E96+E104+E114 -> 304816 | F115: =F19+F29+F38+F45+F53+F84+F90+F96+F104+F114 -> 2977875 | G115: =G19+G29+G38+G45+G53+G84+G90+G96+G104+G114 -> 3838091 | H115: =H19+H29+H38+H45+H53+H84+H90+H96+H104+H114 -> 1082 | I115: =I19+I29+I38+I45+I53+I84+I90+I96+I104+I114 -> 795 | J115: =J19+J29+J38+J45+J53+J84+J90+J96+J104+J114 -> 795

Sheet SAV+VALST+NEVALST
B2: BENDROJO UGDYMO MOKYKLŲ BIBLIOTEKOS
C3: (SAVIVALDYBIŲ, VALSTYBINIŲ, NEVALSTYBINIŲ)
I4: 2022 METAI
B5: PAGRINDINIAI RODIKLIAI
B7: Apskritys, savivaldybės | C7: Bibliotekų filialų skaičius | D7: Dokumentų fondas iš viso (fiz.vnt.) | E7: Vartotojų skaičius | F7: Dokumentų išduotis (fiz.vnt.) | G7: Lankytojų (apsilankymų) skaičius | H7: Profesionalių bibliotekininkų skaičius | I7: Bibliotekų, turinčių kompiuterius, skaičius
I9: iš viso | J9: su internetu
B10: 1 | C10: 2 | D10: 3 | E10: 4 | F10: 5 | G10: 6 | H10: 7 | I10: 8 | J10: 9
B11: Alytaus apskritis
B12: Alytaus m. | C12: =SUM(SAV_BUMB!C12) -> 14 | D12: =SUM(SAV_BUMB!D12) -> 169691 | E12: =SUM(SAV_BUMB!E12) -> 6066 | F12: =SUM(SAV_BUMB!F12) -> 63952 | G12: =SUM(SAV_BUMB!G12) -> 83551 | H12: =SUM(SAV_BUMB!H12) -> 19 | I12: =SUM(SAV_BUMB!I12) -> 14 | J12: =SUM(SAV_BUMB!J12) -> 14
B13: Alytaus r. | C13: =SUM(SAV_BUMB!C13) -> 1 | D13: =SUM(SAV_BUMB!D13) -> 5435 | E13: =SUM(SAV_BUMB!E13) -> 37 | F13: =SUM(SAV_BUMB!F13) -> 654 | G13: =SUM(SAV_BUMB!G13) -> 531 | H13: =SUM(SAV_BUMB!H13) -> 1 | I13: =SUM(SAV_BUMB!I13) -> 1 | J13: =SUM(SAV_BUMB!J13) -> 1
B14: Druskininkų sav. | C14: =SUM(SAV_BUMB!C14) -> 5 | D14: =SUM(SAV_BUMB!D14) -> 57761 | E14: =SUM(SAV_BUMB!E14) -> 3016 | F14: =SUM(SAV_BUMB!F14) -> 60180 | G14: =SUM(SAV_BUMB!G14) -> 39683 | H14: =SUM(SAV_BUMB!H14) -> 8 | I14: =SUM(SAV_BUMB!I14) -> 5 | J14: =SUM(SAV_BUMB!J14) -> 5
B15: Lazdijų r. | C15: =SUM(SAV_BUMB!C15) -> 7 | D15: =SUM(SAV_BUMB!D15) -> 52075 | E15: =SUM(SAV_BUMB!E15) -> 1528 | F15: =SUM(SAV_BUMB!F15) -> 22132 | G15: =SUM(SAV_BUMB!G15) -> 21631 | H15: =SUM(SAV_BUMB!H15) -> 9 | I15: =SUM(SAV_BUMB!I15) -> 6 | J15: =SUM(SAV_BUMB!J15) -> 6
B16: Varėnos r. | C16: =SUM(SAV_BUMB!C16) -> 7 | D16: =SUM(SAV_BUMB!D16) -> 100297 | E16: =SUM(SAV_BUMB!E16) -> 1626 | F16: =SUM(SAV_BUMB!F16) -> 13848 | G16: =SUM(SAV_BUMB!G16) -> 15965 | H16: =SUM(SAV_BUMB!H16) -> 6 | I16: =SUM(SAV_BUMB!I16) -> 6 | J16: =SUM(SAV_BUMB!J16) -> 6
B17: Iš viso | C17: =SUM(C12:C16) -> 34 | D17: =SUM(D12:D16) -> 385259 | E17: =SUM(E12:E16) -> 12273 | F17: =SUM(F12:F16) -> 160766 | G17: =SUM(G12:G16) -> 161361 | H17: =SUM(H12:H16) -> 43 | I17: =SUM(I12:I16) -> 32 | J17: =SUM(J12:J16) -> 32
B18: Kauno apskritis
B19: Birštono sav. | C19: =SUM(SAV_BUMB!C19) -> 1 | D19: =SUM(SAV_BUMB!D19) -> 8903 | E19: =SUM(SAV_BUMB!E19) -> 419 | F19: =SUM(SAV_BUMB!F19) -> 1058 | G19: =SUM(SAV_BUMB!G19) -> 8263 | H19: =SUM(SAV_BUMB!H19) -> 1 | I19: =SUM(SAV_BUMB!I19) -> 1 | J19: =SUM(SAV_BUMB!J19) -> 1
B20: Jonavos r. | C20: =SUM(SAV_BUMB!C20) -> 14 | D20: =SUM(SAV_BUMB!D20) -> 169878 | E20: =SUM(SAV_BUMB!E20) -> 3981 | F20: =SUM(SAV_BUMB!F20) -> 35560 | G20: =SUM(SAV_BUMB!G20) -> 64095 | H20: =SUM(SAV_BUMB!H20) -> 19 | I20: =SUM(SAV_BUMB!I20) -> 14 | J20: =SUM(SAV_BUMB!J20) -> 14
B21: Kaišiadorių r. | C21: =SUM(SAV_BUMB!C21) -> 10 | D21: =SUM(SAV_BUMB!D21) -> 105565 | E21: =SUM(SAV_BUMB!E21) -> 3047 | F21: =SUM(SAV_BUMB!F21) -> 23715 | G21: =SUM(SAV_BUMB!G21) -> 71274 | H21: =SUM(SAV_BUMB!H21) -> 13 | I21: =SUM(SAV_BUMB!I21) -> 9 | J21: =SUM(SAV_BUMB!J21) -> 9
B22: Kauno m. | C22: =SUM(SAV_BUMB!C22, VALST_BUMB!C22,NEVALST_BUMB!C21) -> 68 | D22: =SUM(SAV_BUMB!D22, VALST_BUMB!D22,NEVALST_BUMB!D21) -> 623895 | E22: =SUM(SAV_BUMB!E22, VALST_BUMB!E22,NEVALST_BUMB!E21) -> 33493 | F22: =SUM(SAV_BUMB!F22, VALST_BUMB!F22,NEVALST_BUMB!F21) -> 309224 | G22: =SUM(SAV_BUMB!G22, VALST_BUMB!G22,NEVALST_BUMB!G21) -> 313964 | H22: =SUM(SAV_BUMB!H22, VALST_BUMB!H22,NEVALST_BUMB!H21) -> 92 | I22: =SUM(SAV_BUMB!I22, VALST_BUMB!I22,NEVALST_BUMB!I21) -> 67 | J22: =SUM(SAV_BUMB!J22, VALST_BUMB!J22,NEVALST_BUMB!J21) -> 67
B23: Kauno r. | C23: =SUM(SAV_BUMB!C23) -> 19 | D23: =SUM(SAV_BUMB!D23) -> 167687 | E23: =SUM(SAV_BUMB!E23) -> 9069 | F23: =SUM(SAV_BUMB!F23) -> 93730 | G23: =SUM(SAV_BUMB!G23) -> 120309 | H23: =SUM(SAV_BUMB!H23) -> 23 | I23: =SUM(SAV_BUMB!I23) -> 19 | J23: =SUM(SAV_BUMB!J23) -> 19
B24: Kėdainių r. | C24: =SUM(SAV_BUMB!C24) -> 14 | D24: =SUM(SAV_BUMB!D24) -> 123484 | E24: =SUM(SAV_BUMB!E24) -> 5044 | F24: =SUM(SAV_BUMB!F24) -> 56142 | G24: =SUM(SAV_BUMB!G24) -> 83342 | H24: =SUM(SAV_BUMB!H24) -> 20 | I24: =SUM(SAV_BUMB!I24) -> 13 | J24: =SUM(SAV_BUMB!J24) -> 13
B25: Prienų r. | C25: =SUM(SAV_BUMB!C25) -> 10 | D25: =SUM(SAV_BUMB!D25) -> 85352 | E25: =SUM(SAV_BUMB!E25) -> 2851 | F25: =SUM(SAV_BUMB!F25) -> 15062 | G25: =SUM(SAV_BUMB!G25) -> 11816 | H25: =SUM(SAV_BUMB!H25) -> 11 | I25: =SUM(SAV_BUMB!I25) -> 10 | J25: =SUM(SAV_BUMB!J25) -> 10
B26: Raseinių r. | C26: =SUM(SAV_BUMB!C26) -> 10 | D26: =SUM(SAV_BUMB!D26) -> 100533 | E26: =SUM(SAV_BUMB!E26) -> 2884 | F26: =SUM(SAV_BUMB!F26) -> 33683 | G26: =SUM(SAV_BUMB!G26) -> 73015 | H26: =SUM(SAV_BUMB!H26) -> 12 | I26: =SUM(SAV_BUMB!I26) -> 10 | J26: =SUM(SAV_BUMB!J26) -> 10
B27: Iš viso | C27: =SUM(C19:C26) -> 146 | D27: =SUM(D19:D26) -> 1385297 | E27: =SUM(E19:E26) -> 60788 | F27: =SUM(F19:F26) -> 568174 | G27: =SUM(G19:G26) -> 746078 | H27: =SUM(H19:H26) -> 191 | I27: =SUM(I19:I26) -> 143 | J27: =SUM(J19:J26) -> 143
B28: Klaipėdos apskritis
B29: Klaipėdos m. | C29: =SUM(SAV_BUMB!C29, VALST_BUMB!C29,NEVALST_BUMB!C46) -> 36 | D29: =SUM(SAV_BUMB!D29, VALST_BUMB!D29,NEVALST_BUMB!D46) -> 402361 | E29: =SUM(SAV_BUMB!E29, VALST_BUMB!E29,NEVALST_BUMB!E46) -> 16621 | F29: =SUM(SAV_BUMB!F29, VALST_BUMB!F29,NEVALST_BUMB!F46) -> 187446 | G29: =SUM(SAV_BUMB!G29, VALST_BUMB!G29,NEVALST_BUMB!G46) -> 162630 | H29: =SUM(SAV_BUMB!H29, VALST_BUMB!H29,NEVALST_BUMB!H46) -> 45 | I29: =SUM(SAV_BUMB!I29, VALST_BUMB!I29,NEVALST_BUMB!I46) -> 34 | J29: =SUM(SAV_BUMB!J29, VALST_BUMB!J29,NEVALST_BUMB!J46) -> 34
B30: Klaipėdos r. | C30: =SUM(SAV_BUMB!C30) -> 13 | D30: =SUM(SAV_BUMB!D30) -> 112965 | E30: =SUM(SAV_BUMB!E30) -> 4592 | F30: =SUM(SAV_BUMB!F30) -> 45349 | G30: =SUM(SAV_BUMB!G30) -> 66506 | H30: =SUM(SAV_BUMB!H30) -> 23 | I30: =SUM(SAV_BUMB!I30) -> 13 | J30: =SUM(SAV_BUMB!J30) -> 13
B31: Kretingos r. | C31: =SUM(SAV_BUMB!C31) -> 13 | D31: =SUM(SAV_BUMB!D31) -> 85845 | E31: =SUM(SAV_BUMB!E31) -> 4586 | F31: =SUM(SAV_BUMB!F31) -> 32005 | G31: =SUM(SAV_BUMB!G31) -> 65024 | H31: =SUM(SAV_BUMB!H31) -> 20 | I31: =SUM(SAV_BUMB!I31) -> 13 | J31: =SUM(SAV_BUMB!J31) -> 13
B32: Neringos sav. | C32: =SUM(SAV_BUMB!C32) -> 1 | D32: =SUM(SAV_BUMB!D32) -> 12267 | E32: =SUM(SAV_BUMB!E32) -> 110 | F32: =SUM(SAV_BUMB!F32) -> 1378 | G32: =SUM(SAV_BUMB!G32) -> 1452 | H32: =SUM(SAV_BUMB!H32) -> 1 | I32: =SUM(SAV_BUMB!I32) -> 1 | J32: =SUM(SAV_BUMB!J32) -> 1
B33: Palangos m. sav. | C33: =SUM(SAV_BUMB!C33) -> 6 | D33: =SUM(SAV_BUMB!D33) -> 77764 | E33: =SUM(SAV_BUMB!E33) -> 3324 | F33: =SUM(SAV_BUMB!F33) -> 19217 | G33: =SUM(SAV_BUMB!G33) -> 33917 | H33: =SUM(SAV_BUMB!H33) -> 9 | I33: =SUM(SAV_BUMB!I33) -> 6 | J33: =SUM(SAV_BUMB!J33) -> 6
B34: Skuodo r. | C34: =SUM(SAV_BUMB!C34) -> 4 | D34: =SUM(SAV_BUMB!D34) -> 53148 | E34: =SUM(SAV_BUMB!E34) -> 1172 | F34: =SUM(SAV_BUMB!F34) -> 20126 | G34: =SUM(SAV_BUMB!G34) -> 15310 | H34: =SUM(SAV_BUMB!H34) -> 5 | I34: =SUM(SAV_BUMB!I34) -> 4 | J34: =SUM(SAV_BUMB!J34) -> 4
B35: Šilutės r. | C35: =SUM(SAV_BUMB!C35, VALST_BUMB!C35) -> 11 | D35: =SUM(SAV_BUMB!D35, VALST_BUMB!D35) -> 108109 | E35: =SUM(SAV_BUMB!E35, VALST_BUMB!E35) -> 3773 | F35: =SUM(SAV_BUMB!F35, VALST_BUMB!F35) -> 43258 | G35: =SUM(SAV_BUMB!G35, VALST_BUMB!G35) -> 66291 | H35: =SUM(SAV_BUMB!H35, VALST_BUMB!H35) -> 14 | I35: =SUM(SAV_BUMB!I35, VALST_BUMB!I35) -> 10 | J35: =SUM(SAV_BUMB!J35, VALST_BUMB!J35) -> 10
B36: Iš viso | C36: =SUM(C29:C35) -> 84 | D36: =SUM(D29:D35) -> 852459 | E36: =SUM(E29:E35) -> 34178 | F36: =SUM(F29:F35) -> 348779 | G36: =SUM(G29:G35) -> 411130 | H36: =SUM(H29:H35) -> 117 | I36: =SUM(I29:I35) -> 81 | J36: =SUM(J29:J35) -> 81
B37: Marijampolės apskr.
B38: Kalvarijos sav. | C38: =SUM(SAV_BUMB!C38) -> 4 | D38: =SUM(SAV_BUMB!D38) -> 43480 | E38: =SUM(SAV_BUMB!E38) -> 781 | F38: =SUM(SAV_BUMB!F38) -> 5155 | G38: =SUM(SAV_BUMB!G38) -> 9043 | H38: =SUM(SAV_BUMB!H38) -> 5 | I38: =SUM(SAV_BUMB!I38) -> 4 | J38: =SUM(SAV_BUMB!J38) -> 4
B39: Kazlų Rūdos sav. | C39: =SUM(SAV_BUMB!C39) -> 3 | D39: =SUM(SAV_BUMB!D39) -> 16553 | E39: =SUM(SAV_BUMB!E39) -> 694 | F39: =SUM(SAV_BUMB!F39) -> 9273 | G39: =SUM(SAV_BUMB!G39) -> 8224 | H39: =SUM(SAV_BUMB!H39) -> 4 | I39: =SUM(SAV_BUMB!I39) -> 3 | J39: =SUM(SAV_BUMB!J39) -> 3
B40: Marijampolės sav. | C40: =SUM(SAV_BUMB!C40, NEVALST_BUMB!C56) -> 16 | D40: =SUM(SAV_BUMB!D40, NEVALST_BUMB!D56) -> 149434 | E40: =SUM(SAV_BUMB!E40, NEVALST_BUMB!E56) -> 5931 | F40: =SUM(SAV_BUMB!F40, NEVALST_BUMB!F56) -> 50380 | G40: =SUM(SAV_BUMB!G40, NEVALST_BUMB!G56) -> 76143 | H40: =SUM(SAV_BUMB!H40, NEVALST_BUMB!H56) -> 19 | I40: =SUM(SAV_BUMB!I40, NEVALST_BUMB!I56) -> 16 | J40: =SUM(SAV_BUMB!J40, NEVALST_BUMB!J56) -> 16
B41: Šakių r. | C41: =SUM(SAV_BUMB!C41) -> 10 | D41: =SUM(SAV_BUMB!D41) -> 119555 | E41: =SUM(SAV_BUMB!E41) -> 2848 | F41: =SUM(SAV_BUMB!F41) -> 27976 | G41: =SUM(SAV_BUMB!G41) -> 42560 | H41: =SUM(SAV_BUMB!H41) -> 13 | I41: =SUM(SAV_BUMB!I41) -> 9 | J41: =SUM(SAV_BUMB!J41) -> 9
B42: Vilkaviškio r. | C42: =SUM(SAV_BUMB!C42) -> 13 | D42: =SUM(SAV_BUMB!D42) -> 169907 | E42: =SUM(SAV_BUMB!E42) -> 4037 | F42: =SUM(SAV_BUMB!F42) -> 28810 | G42: =SUM(SAV_BUMB!G42) -> 88104 | H42: =SUM(SAV_BUMB!H42) -> 21 | I42: =SUM(SAV_BUMB!I42) -> 13 | J42: =SUM(SAV_BUMB!J42) -> 13
B43: Iš viso | C43: =SUM(C38:C42) -> 46 | D43: =SUM(D38:D42) -> 498929 | E43: =SUM(E38:E42) -> 14291 | F43: =SUM(F38:F42) -> 121594 | G43: =SUM(G38:G42) -> 224074 | H43: =SUM(H38:H42) -> 62 | I43: =SUM(I38:I42) -> 45 | J43: =SUM(J38:J42) -> 45
B44: Panevėžio apskritis
B45: Biržų r. | C45: =SUM(SAV_BUMB!C45) -> 5 | D45: =SUM(SAV_BUMB!D45) -> 120256 | E45: =SUM(SAV_BUMB!E45) -> 2280 | F45: =SUM(SAV_BUMB!F45) -> 19517 | G45: =SUM(SAV_BUMB!G45) -> 20693 | H45: =SUM(SAV_BUMB!H45) -> 10 | I45: =SUM(SAV_BUMB!I45) -> 5 | J45: =SUM(SAV_BUMB!J45) -> 5
B46: Kupiškio r. | C46: =SUM(SAV_BUMB!C46) -> 4 | D46: =SUM(SAV_BUMB!D46) -> 39045 | E46: =SUM(SAV_BUMB!E46) -> 1297 | F46: =SUM(SAV_BUMB!F46) -> 14209 | G46: =SUM(SAV_BUMB!G46) -> 11728 | H46: =SUM(SAV_BUMB!H46) -> 6 | I46: =SUM(SAV_BUMB!I46) -> 4 | J46: =SUM(SAV_BUMB!J46) -> 4
B47: Panevėžio m. | C47: =SUM(SAV_BUMB!C47, VALST_BUMB!C47,NEVALST_BUMB!C40) -> 22 | D47: =SUM(SAV_BUMB!D47, VALST_BUMB!D47,NEVALST_BUMB!D40) -> 252437 | E47: =SUM(SAV_BUMB!E47, VALST_BUMB!E47,NEVALST_BUMB!E40) -> 10226 | F47: =SUM(SAV_BUMB!F47, VALST_BUMB!F47,NEVALST_BUMB!F40) -> 107301 | G47: =SUM(SAV_BUMB!G47, VALST_BUMB!G47,NEVALST_BUMB!G40) -> 181474 | H47: =SUM(SAV_BUMB!H47, VALST_BUMB!H47,NEVALST_BUMB!H40) -> 35 | I47: =SUM(SAV_BUMB!I47, VALST_BUMB!I47,NEVALST_BUMB!I40) -> 22 | J47: =SUM(SAV_BUMB!J47, VALST_BUMB!J47,NEVALST_BUMB!J40) -> 22
B48: Panevėžio r. | C48: =SUM(SAV_BUMB!C48) -> 12 | D48: =SUM(SAV_BUMB!D48) -> 125552 | E48: =SUM(SAV_BUMB!E48) -> 2559 | F48: =SUM(SAV_BUMB!F48) -> 34747 | G48: =SUM(SAV_BUMB!G48) -> 29659 | H48: =SUM(SAV_BUMB!H48) -> 15 | I48: =SUM(SAV_BUMB!I48) -> 10 | J48: =SUM(SAV_BUMB!J48) -> 10
B49: Pasvalio r. | C49: =SUM(SAV_BUMB!C49) -> 9 | D49: =SUM(SAV_BUMB!D49) -> 118732 | E49: =SUM(SAV_BUMB!E49) -> 2393 | F49: =SUM(SAV_BUMB!F49) -> 23171 | G49: =SUM(SAV_BUMB!G49) -> 50628 | H49: =SUM(SAV_BUMB!H49) -> 11 | I49: =SUM(SAV_BUMB!I49) -> 9 | J49: =SUM(SAV_BUMB!J49) -> 9
B50: Rokiškio r. | C50: =SUM(SAV_BUMB!C50) -> 8 | D50: =SUM(SAV_BUMB!D50) -> 107337 | E50: =SUM(SAV_BUMB!E50) -> 2357 | F50: =SUM(SAV_BUMB!F50) -> 24170 | G50: =SUM(SAV_BUMB!G50) -> 25062 | H50: =SUM(SAV_BUMB!H50) -> 12 | I50: =SUM(SAV_BUMB!I50) -> 8 | J50: =SUM(SAV_BUMB!J50) -> 8
B51: Iš viso | C51: =SUM(C45:C50) -> 60 | D51: =SUM(D45:D50) -> 763359 | E51: =SUM(E45:E50) -> 21112 | F51: =SUM(F45:F50) -> 223115 | G51: =SUM(G45:G50) -> 319244 | H51: =SUM(H45:H50) -> 89 | I51: =SUM(I45:I50) -> 58 | J51: =SUM(J45:J50) -> 58
B72: Apskritys, savivaldybės | C72: Bibliotekų filialų skaičius | D72: Dokumentų fondas iš viso (fiz.vnt.) | E72: Vartotojų skaičius | F72: Dokumentų išduotis (fiz.vnt.) | G72: Lankytojų (apsilankymų) skaičius | H72: Profesionalių bibliotekininkų skaičius | I72: Bibliotekų, turinčių kompiuterius, skaičius
I74: iš viso | J74: su internetu
B75: 1 | C75: 2 | D75: 3 | E75: 4 | F75: 5 | G75: 6 | H75: 7 | I75: 8 | J75: 9
B76: Šiaulių apskritis
B77: Akmenės r. | C77: =SUM(SAV_BUMB!C72) -> 8 | D77: =SUM(SAV_BUMB!D72) -> 92842 | E77: =SUM(SAV_BUMB!E72) -> 2153 | F77: =SUM(SAV_BUMB!F72) -> 12802 | G77: =SUM(SAV_BUMB!G72) -> 25677 | H77: =SUM(SAV_BUMB!H72) -> 9 | I77: =SUM(SAV_BUMB!I72) -> 7 | J77: =SUM(SAV_BUMB!J72) -> 7
B78: Joniškio r. | C78: =SUM(SAV_BUMB!C73) -> 7 | D78: =SUM(SAV_BUMB!D73) -> 83940 | E78: =SUM(SAV_BUMB!E73) -> 1874 | F78: =SUM(SAV_BUMB!F73) -> 10975 | G78: =SUM(SAV_BUMB!G73) -> 9637 | H78: =SUM(SAV_BUMB!H73) -> 8 | I78: =SUM(SAV_BUMB!I73) -> 7 | J78: =SUM(SAV_BUMB!J73) -> 7
B79: Kelmės r. | C79: =SUM(SAV_BUMB!C74) -> 8 | D79: =SUM(SAV_BUMB!D74) -> 93879 | E79: =SUM(SAV_BUMB!E74) -> 1857 | F79: =SUM(SAV_BUMB!F74) -> 15603 | G79: =SUM(SAV_BUMB!G74) -> 24690 | H79: =SUM(SAV_BUMB!H74) -> 11 | I79: =SUM(SAV_BUMB!I74) -> 8 | J79: =SUM(SAV_BUMB!J74) -> 8
B80: Pakruojo r. | C80: =SUM(SAV_BUMB!C75) -> 8 | D80: =SUM(SAV_BUMB!D75) -> 74881 | E80: =SUM(SAV_BUMB!E75) -> 1402 | F80: =SUM(SAV_BUMB!F75) -> 13752 | G80: =SUM(SAV_BUMB!G75) -> 28301 | H80: =SUM(SAV_BUMB!H75) -> 8 | I80: =SUM(SAV_BUMB!I75) -> 8 | J80: =SUM(SAV_BUMB!J75) -> 8
B81: Radviliškio r. | C81: =SUM(SAV_BUMB!C76) -> 11 | D81: =SUM(SAV_BUMB!D76) -> 111233 | E81: =SUM(SAV_BUMB!E76) -> 3745 | F81: =SUM(SAV_BUMB!F76) -> 44579 | G81: =SUM(SAV_BUMB!G76) -> 78734 | H81: =SUM(SAV_BUMB!H76) -> 13 | I81: =SUM(SAV_BUMB!I76) -> 11 | J81: =SUM(SAV_BUMB!J76) -> 11
B82: Šiaulių m. | C82: =SUM(SAV_BUMB!C77, VALST_BUMB!C77) -> 30 | D82: =SUM(SAV_BUMB!D77, VALST_BUMB!D77) -> 299777 | E82: =SUM(SAV_BUMB!E77, VALST_BUMB!E77) -> 13979 | F82: =SUM(SAV_BUMB!F77, VALST_BUMB!F77) -> 127850 | G82: =SUM(SAV_BUMB!G77, VALST_BUMB!G77) -> 124552 | H82: =SUM(SAV_BUMB!H77, VALST_BUMB!H77) -> 37 | I82: =SUM(SAV_BUMB!I77, VALST_BUMB!I77) -> 30 | J82: =SUM(SAV_BUMB!J77, VALST_BUMB!J77) -> 30
B83: Šiaulių r. | C83: =SUM(SAV_BUMB!C78) -> 11 | D83: =SUM(SAV_BUMB!D78) -> 66209 | E83: =SUM(SAV_BUMB!E78) -> 3120 | F83: =SUM(SAV_BUMB!F78) -> 14674 | G83: =SUM(SAV_BUMB!G78) -> 10021 | H83: =SUM(SAV_BUMB!H78) -> 14 | I83: =SUM(SAV_BUMB!I78) -> 11 | J83: =SUM(SAV_BUMB!J78) -> 11
B84: Iš viso | C84: =SUM(C77:C83) -> 83 | D84: =SUM(D77:D83) -> 822761 | E84: =SUM(E77:E83) -> 28130 | F84: =SUM(F77:F83) -> 240235 | G84: =SUM(G77:G83) -> 301612 | H84: =SUM(H77:H83) -> 100 | I84: =SUM(I77:I83) -> 82 | J84: =SUM(J77:J83) -> 82
B85: Tauragės apskritis
B86: Jurbarko r. | C86: =SUM(SAV_BUMB!C81) -> 12 | D86: =SUM(SAV_BUMB!D81) -> 102992 | E86: =SUM(SAV_BUMB!E81) -> 2481 | F86: =SUM(SAV_BUMB!F81) -> 24092 | G86: =SUM(SAV_BUMB!G81) -> 58410 | H86: =SUM(SAV_BUMB!H81) -> 13 | I86: =SUM(SAV_BUMB!I81) -> 9 | J86: =SUM(SAV_BUMB!J81) -> 9
B87: Pagėgių sav. | C87: =SUM(SAV_BUMB!C82) -> 2 | D87: =SUM(SAV_BUMB!D82) -> 20372 | E87: =SUM(SAV_BUMB!E82) -> 833 | F87: =SUM(SAV_BUMB!F82) -> 8694 | G87: =SUM(SAV_BUMB!G82) -> 12155 | H87: =SUM(SAV_BUMB!H82) -> 2 | I87: =SUM(SAV_BUMB!I82) -> 2 | J87: =SUM(SAV_BUMB!J82) -> 2
B88: Šilalės r. | C88: =SUM(SAV_BUMB!C83) -> 7 | D88: =SUM(SAV_BUMB!D83) -> 102651 | E88: =SUM(SAV_BUMB!E83) -> 2502 | F88: =SUM(SAV_BUMB!F83) -> 69753 | G88: =SUM(SAV_BUMB!G83) -> 71691 | H88: =SUM(SAV_BUMB!H83) -> 6 | I88: =SUM(SAV_BUMB!I83) -> 7 | J88: =SUM(SAV_BUMB!J83) -> 7
B89: Tauragės r. | C89: =SUM(SAV_BUMB!C84) -> 9 | D89: =SUM(SAV_BUMB!D84) -> 141525 | E89: =SUM(SAV_BUMB!E84) -> 3644 | F89: =SUM(SAV_BUMB!F84) -> 17615 | G89: =SUM(SAV_BUMB!G84) -> 15431 | H89: =SUM(SAV_BUMB!H84) -> 9 | I89: =SUM(SAV_BUMB!I84) -> 9 | J89: =SUM(SAV_BUMB!J84) -> 9
B90: Iš viso | C90: =SUM(C86:C89) -> 30 | D90: =SUM(D86:D89) -> 367540 | E90: =SUM(E86:E89) -> 9460 | F90: =SUM(F86:F89) -> 120154 | G90: =SUM(G86:G89) -> 157687 | H90: =SUM(H86:H89) -> 30 | I90: =SUM(I86:I89) -> 27 | J90: =SUM(J86:J89) -> 27
B91: Telšių apskritis
B92: Mažeikių r. | C92: =SUM(SAV_BUMB!C87) -> 17 | D92: =SUM(SAV_BUMB!D87) -> 133204 | E92: =SUM(SAV_BUMB!E87) -> 5704 | F92: =SUM(SAV_BUMB!F87) -> 73853 | G92: =SUM(SAV_BUMB!G87) -> 68025 | H92: =SUM(SAV_BUMB!H87) -> 26 | I92: =SUM(SAV_BUMB!I87) -> 17 | J92: =SUM(SAV_BUMB!J87) -> 17
B93: Plungės r. | C93: =SUM(SAV_BUMB!C88) -> 10 | D93: =SUM(SAV_BUMB!D88) -> 120806 | E93: =SUM(SAV_BUMB!E88) -> 4026 | F93: =SUM(SAV_BUMB!F88) -> 24888 | G93: =SUM(SAV_BUMB!G88) -> 40689 | H93: =SUM(SAV_BUMB!H88) -> 17 | I93: =SUM(SAV_BUMB!I88) -> 10 | J93: =SUM(SAV_BUMB!J88) -> 10
B94: Rietavo sav. | C94: =SUM(SAV_BUMB!C89) -> 2 | D94: =SUM(SAV_BUMB!D89) -> 33220 | E94: =SUM(SAV_BUMB!E89) -> 635 | F94: =SUM(SAV_BUMB!F89) -> 3364 | G94: =SUM(SAV_BUMB!G89) -> 3246 | H94: =SUM(SAV_BUMB!H89) -> 3 | I94: =SUM(SAV_BUMB!I89) -> 2 | J94: =SUM(SAV_BUMB!J89) -> 2
B95: Telšių r. | C95: =SUM(SAV_BUMB!C90) -> 12 | D95: =SUM(SAV_BUMB!D90) -> 127307 | E95: =SUM(SAV_BUMB!E90) -> 3683 | F95: =SUM(SAV_BUMB!F90) -> 35406 | G95: =SUM(SAV_BUMB!G90) -> 42797 | H95: =SUM(SAV_BUMB!H90) -> 13 | I95: =SUM(SAV_BUMB!I90) -> 11 | J95: =SUM(SAV_BUMB!J90) -> 11
B96: Iš viso | C96: =SUM(C92:C95) -> 41 | D96: =SUM(D92:D95) -> 414537 | E96: =SUM(E92:E95) -> 14048 | F96: =SUM(F92:F95) -> 137511 | G96: =SUM(G92:G95) -> 154757 | H96: =SUM(H92:H95) -> 59 | I96: =SUM(I92:I95) -> 40 | J96: =SUM(J92:J95) -> 40
B97: Utenos apskritis
B98: Anykščių r. | C98: =SUM(SAV_BUMB!C93) -> 6 | D98: =SUM(SAV_BUMB!D93) -> 76700 | E98: =SUM(SAV_BUMB!E93) -> 1871 | F98: =SUM(SAV_BUMB!F93) -> 16351 | G98: =SUM(SAV_BUMB!G93) -> 21714 | H98: =SUM(SAV_BUMB!H93) -> 7 | I98: =SUM(SAV_BUMB!I93) -> 6 | J98: =SUM(SAV_BUMB!J93) -> 6
B99: Ignalinos r. | C99: =SUM(SAV_BUMB!C94) -> 3 | D99: =SUM(SAV_BUMB!D94) -> 46849 | E99: =SUM(SAV_BUMB!E94) -> 1134 | F99: =SUM(SAV_BUMB!F94) -> 10663 | G99: =SUM(SAV_BUMB!G94) -> 14479 | H99: =SUM(SAV_BUMB!H94) -> 7 | I99: =SUM(SAV_BUMB!I94) -> 3 | J99: =SUM(SAV_BUMB!J94) -> 3
B100: Molėtų r. | C100: =SUM(SAV_BUMB!C95) -> 4 | D100: =SUM(SAV_BUMB!D95) -> 43553 | E100: =SUM(SAV_BUMB!E95) -> 1199 | F100: =SUM(SAV_BUMB!F95) -> 13429 | G100: =SUM(SAV_BUMB!G95) -> 12682 | H100: =SUM(SAV_BUMB!H95) -> 4 | I100: =SUM(SAV_BUMB!I95) -> 4 | J100: =SUM(SAV_BUMB!J95) -> 4
B101: Utenos r. | C101: =SUM(SAV_BUMB!C96) -> 6 | D101: =SUM(SAV_BUMB!D96) -> 35739 | E101: =SUM(SAV_BUMB!E96) -> 1862 | F101: =SUM(SAV_BUMB!F96) -> 25026 | G101: =SUM(SAV_BUMB!G96) -> 30066 | H101: =SUM(SAV_BUMB!H96) -> 8 | I101: =SUM(SAV_BUMB!I96) -> 6 | J101: =SUM(SAV_BUMB!J96) -> 6
B102: Visagino sav. | C102: =SUM(SAV_BUMB!C97) -> 5 | D102: =SUM(SAV_BUMB!D97) -> 48459 | E102: =SUM(SAV_BUMB!E97) -> 1741 | F102: =SUM(SAV_BUMB!F97) -> 19182 | G102: =SUM(SAV_BUMB!G97) -> 14872 | H102: =SUM(SAV_BUMB!H97) -> 5 | I102: =SUM(SAV_BUMB!I97) -> 5 | J102: =SUM(SAV_BUMB!J97) -> 5
B103: Zarasų r. | C103: =SUM(SAV_BUMB!C98) -> 5 | D103: =SUM(SAV_BUMB!D98) -> 57688 | E103: =SUM(SAV_BUMB!E98) -> 634 | F103: =SUM(SAV_BUMB!F98) -> 2908 | G103: =SUM(SAV_BUMB!G98) -> 3837 | H103: =SUM(SAV_BUMB!H98) -> 5 | I103: =SUM(SAV_BUMB!I98) -> 5 | J103: =SUM(SAV_BUMB!J98) -> 5
B104: Iš viso | C104: =SUM(C98:C103) -> 29 | D104: =SUM(D98:D103) -> 308988 | E104: =SUM(E98:E103) -> 8441 | F104: =SUM(F98:F103) -> 87559 | G104: =SUM(G98:G103) -> 97650 | H104: =SUM(H98:H103) -> 36 | I104: =SUM(I98:I103) -> 29 | J104: =SUM(J98:J103) -> 29
B105: Vilniaus apskritis
B106: Elektrėnų sav. | C106: =SUM(SAV_BUMB!C101) -> 7 | D106: =SUM(SAV_BUMB!D101) -> 71132 | E106: =SUM(SAV_BUMB!E101) -> 2206 | F106: =SUM(SAV_BUMB!F101) -> 15825 | G106: =SUM(SAV_BUMB!G101) -> 24154 | H106: =SUM(SAV_BUMB!H101) -> 14 | I106: =SUM(SAV_BUMB!I101) -> 7 | J106: =SUM(SAV_BUMB!J101) -> 7
B107: Šalčininkų r. | C107: =SUM(SAV_BUMB!C102, VALST_BUMB!C102) -> 19 | D107: =SUM(SAV_BUMB!D102, VALST_BUMB!D102) -> 113455 | E107: =SUM(SAV_BUMB!E102, VALST_BUMB!E102) -> 3765 | F107: =SUM(SAV_BUMB!F102, VALST_BUMB!F102) -> 51496 | G107: =SUM(SAV_BUMB!G102, VALST_BUMB!G102) -> 62857 | H107: =SUM(SAV_BUMB!H102, VALST_BUMB!H102) -> 19 | I107: =SUM(SAV_BUMB!I102, VALST_BUMB!I102) -> 18 | J107: =SUM(SAV_BUMB!J102, VALST_BUMB!J102) -> 18
B108: Širvintų r. | C108: =SUM(SAV_BUMB!C103) -> 5 | D108: =SUM(SAV_BUMB!D103) -> 32657 | E108: =SUM(SAV_BUMB!E103) -> 1520 | F108: =SUM(SAV_BUMB!F103) -> 27552 | G108: =SUM(SAV_BUMB!G103) -> 21355 | H108: =SUM(SAV_BUMB!H103) -> 4 | I108: =SUM(SAV_BUMB!I103) -> 5 | J108: =SUM(SAV_BUMB!J103) -> 5
B109: Švenčionių r. | C109: =SUM(SAV_BUMB!C104) -> 4 | D109: =SUM(SAV_BUMB!D104) -> 82034 | E109: =SUM(SAV_BUMB!E104) -> 2049 | F109: =SUM(SAV_BUMB!F104) -> 21935 | G109: =SUM(SAV_BUMB!G104) -> 24050 | H109: =SUM(SAV_BUMB!H104) -> 7 | I109: =SUM(SAV_BUMB!I104) -> 4 | J109: =SUM(SAV_BUMB!J104) -> 4
B110: Trakų r. | C110: =SUM(SAV_BUMB!C105) -> 16 | D110: =SUM(SAV_BUMB!D105) -> 132677 | E110: =SUM(SAV_BUMB!E105) -> 3233 | F110: =SUM(SAV_BUMB!F105) -> 25478 | G110: =SUM(SAV_BUMB!G105) -> 42854 | H110: =SUM(SAV_BUMB!H105) -> 20 | I110: =SUM(SAV_BUMB!I105) -> 14 | J110: =SUM(SAV_BUMB!J105) -> 14
B111: Ukmergės r. | C111: =SUM(SAV_BUMB!C106) -> 11 | D111: =SUM(SAV_BUMB!D106) -> 107139 | E111: =SUM(SAV_BUMB!E106) -> 3261 | F111: =SUM(SAV_BUMB!F106) -> 25746 | G111: =SUM(SAV_BUMB!G106) -> 39173 | H111: =SUM(SAV_BUMB!H106) -> 14 | I111: =SUM(SAV_BUMB!I106) -> 11 | J111: =SUM(SAV_BUMB!J106) -> 11
B112: Vilniaus m. | C112: =SUM(SAV_BUMB!C107, VALST_BUMB!C107,NEVALST_BUMB!C34) -> 120 | D112: =SUM(SAV_BUMB!D107, VALST_BUMB!D107,NEVALST_BUMB!D34) -> 1162126 | E112: =SUM(SAV_BUMB!E107, VALST_BUMB!E107,NEVALST_BUMB!E34) -> 65773 | F112: =SUM(SAV_BUMB!F107, VALST_BUMB!F107,NEVALST_BUMB!F34) -> 644718 | G112: =SUM(SAV_BUMB!G107, VALST_BUMB!G107,NEVALST_BUMB!G34) -> 835249 | H112: =SUM(SAV_BUMB!H107, VALST_BUMB!H107,NEVALST_BUMB!H34) -> 174 | I112: =SUM(SAV_BUMB!I107, VALST_BUMB!I107,NEVALST_BUMB!I34) -> 117 | J112: =SUM(SAV_BUMB!J107, VALST_BUMB!J107,NEVALST_BUMB!J34) -> 117
B113: Vilniaus r. | C113: =SUM(SAV_BUMB!C108, VALST_BUMB!C108) -> 39 | D113: =SUM(SAV_BUMB!D108, VALST_BUMB!D108) -> 374288 | E113: =SUM(SAV_BUMB!E108, VALST_BUMB!E108) -> 9244 | F113: =SUM(SAV_BUMB!F108, VALST_BUMB!F108) -> 84040 | G113: =SUM(SAV_BUMB!G108, VALST_BUMB!G108) -> 131698 | H113: =SUM(SAV_BUMB!H108, VALST_BUMB!H108) -> 58 | I113: =SUM(SAV_BUMB!I108, VALST_BUMB!I108) -> 38 | J113: =SUM(SAV_BUMB!J108, VALST_BUMB!J108) -> 38
B114: Iš viso | C114: =SUM(C106:C113) -> 221 | D114: =SUM(D106:D113) -> 2075508 | E114: =SUM(E106:E113) -> 91051 | F114: =SUM(F106:F113) -> 896790 | G114: =SUM(G106:G113) -> 1181390 | H114: =SUM(H106:H113) -> 310 | I114: =SUM(I106:I113) -> 214 | J114: =SUM(J106:J113) -> 214
B115: Iš viso šalyje | C115: =C17+C27+C36+C43+C51+C84+C90+C96+C104+C114 -> 774 | D115: =D17+D27+D36+D43+D51+D84+D90+D96+D104+D114 -> 7874637 | E115: =E17+E27+E36+E43+E51+E84+E90+E96+E104+E114 -> 293772 | F115: =F17+F27+F36+F43+F51+F84+F90+F96+F104+F114 -> 2904677 | G115: =G17+G27+G36+G43+G51+G84+G90+G96+G104+G114 -> 3754983 | H115: =H17+H27+H36+H43+H51+H84+H90+H96+H104+H114 -> 1037 | I115: =I17+I27+I36+I43+I51+I84+I90+I96+I104+I114 -> 751 | J115: =J17+J27+J36+J43+J51+J84+J90+J96+J104+J114 -> 751

Sheet SAV_BUMB
B2: SAVIVALDYBIŲ BENDROJO LAVINIMO MOKYKLŲ BIBLIOTEKOS
I4: 2022 METAI
B5: PAGRINDINIAI RODIKLIAI
B7: Apskritys, savivaldybės | C7: Bibliotekų filialų skaičius | D7: Dokumentų fondas iš viso (fiz.vnt.) | E7: Vartotojų skaičius | F7: Dokumentų išduotis (fiz.vnt.) | G7: Lankytojų (apsilankymų) skaičius | H7: Profesionalių bibliotekininkų skaičius | I7: Bibliotekų, turinčių kompiuterius, skaičius
I9: iš viso | J9: su internetu
B10: 1 | C10: 2 | D10: 3 | E10: 4 | F10: 5 | G10: 6 | H10: 7 | I10: 8 | J10: 9
B11: Alytaus apskritis
B12: Alytaus m. | C12: =SUM(GIMNAZIJŲ!C12, PROGIMNAZIJŲ!C12, PAGRINDINIŲ!C12, PRADINIŲ!C12) -> 14 | D12: =SUM(GIMNAZIJŲ!D12, PROGIMNAZIJŲ!D12, PAGRINDINIŲ!D12, PRADINIŲ!D12) -> 169691 | E12: =SUM(GIMNAZIJŲ!E12, PROGIMNAZIJŲ!E12, PAGRINDINIŲ!E12, PRADINIŲ!E12) -> 6066 | F12: =SUM(GIMNAZIJŲ!F12, PROGIMNAZIJŲ!F12, PAGRINDINIŲ!F12, PRADINIŲ!F12) -> 63952 | G12: =SUM(GIMNAZIJŲ!G12, PROGIMNAZIJŲ!G12, PAGRINDINIŲ!G12, PRADINIŲ!G12) -> 83551 | H12: =SUM(GIMNAZIJŲ!H12, PROGIMNAZIJŲ!H12, PAGRINDINIŲ!H12, PRADINIŲ!H12) -> 19 | I12: =SUM(GIMNAZIJŲ!I12, PROGIMNAZIJŲ!I12, PAGRINDINIŲ!I12, PRADINIŲ!I12) -> 14 | J12: =SUM(GIMNAZIJŲ!J12, PROGIMNAZIJŲ!J12, PAGRINDINIŲ!J12, PRADINIŲ!J12) -> 14
B13: Alytaus r. | C13: =SUM(GIMNAZIJŲ!C13, PROGIMNAZIJŲ!C13, PAGRINDINIŲ!C13, PRADINIŲ!C13) -> 1 | D13: =SUM(GIMNAZIJŲ!D13, PROGIMNAZIJŲ!D13, PAGRINDINIŲ!D13, PRADINIŲ!D13) -> 5435 | E13: =SUM(GIMNAZIJŲ!E13, PROGIMNAZIJŲ!E13, PAGRINDINIŲ!E13, PRADINIŲ!E13) -> 37 | F13: =SUM(GIMNAZIJŲ!F13, PROGIMNAZIJŲ!F13, PAGRINDINIŲ!F13, PRADINIŲ!F13) -> 654 | G13: =SUM(GIMNAZIJŲ!G13, PROGIMNAZIJŲ!G13, PAGRINDINIŲ!G13, PRADINIŲ!G13) -> 531 | H13: =SUM(GIMNAZIJŲ!H13, PROGIMNAZIJŲ!H13, PAGRINDINIŲ!H13, PRADINIŲ!H13) -> 1 | I13: =SUM(GIMNAZIJŲ!I13, PROGIMNAZIJŲ!I13, PAGRINDINIŲ!I13, PRADINIŲ!I13) -> 1 | J13: =SUM(GIMNAZIJŲ!J13, PROGIMNAZIJŲ!J13, PAGRINDINIŲ!J13, PRADINIŲ!J13) -> 1
B14: Druskininkų sav. | C14: =SUM(GIMNAZIJŲ!C14, PROGIMNAZIJŲ!C14, PAGRINDINIŲ!C14, PRADINIŲ!C14) -> 5 | D14: =SUM(GIMNAZIJŲ!D14, PROGIMNAZIJŲ!D14, PAGRINDINIŲ!D14, PRADINIŲ!D14) -> 57761 | E14: =SUM(GIMNAZIJŲ!E14, PROGIMNAZIJŲ!E14, PAGRINDINIŲ!E14, PRADINIŲ!E14) -> 3016 | F14: =SUM(GIMNAZIJŲ!F14, PROGIMNAZIJŲ!F14, PAGRINDINIŲ!F14, PRADINIŲ!F14) -> 60180 | G14: =SUM(GIMNAZIJŲ!G14, PROGIMNAZIJŲ!G14, PAGRINDINIŲ!G14, PRADINIŲ!G14) -> 39683 | H14: =SUM(GIMNAZIJŲ!H14, PROGIMNAZIJŲ!H14, PAGRINDINIŲ!H14, PRADINIŲ!H14) -> 8 | I14: =SUM(GIMNAZIJŲ!I14, PROGIMNAZIJŲ!I14, PAGRINDINIŲ!I14, PRADINIŲ!I14) -> 5 | J14: =SUM(GIMNAZIJŲ!J14, PROGIMNAZIJŲ!J14, PAGRINDINIŲ!J14, PRADINIŲ!J14) -> 5
B15: Lazdijų r. | C15: =SUM(GIMNAZIJŲ!C15, PROGIMNAZIJŲ!C15, PAGRINDINIŲ!C15, PRADINIŲ!C15) -> 7 | D15: =SUM(GIMNAZIJŲ!D15, PROGIMNAZIJŲ!D15, PAGRINDINIŲ!D15, PRADINIŲ!D15) -> 52075 | E15: =SUM(GIMNAZIJŲ!E15, PROGIMNAZIJŲ!E15, PAGRINDINIŲ!E15, PRADINIŲ!E15) -> 1528 | F15: =SUM(GIMNAZIJŲ!F15, PROGIMNAZIJŲ!F15, PAGRINDINIŲ!F15, PRADINIŲ!F15) -> 22132 | G15: =SUM(GIMNAZIJŲ!G15, PROGIMNAZIJŲ!G15, PAGRINDINIŲ!G15, PRADINIŲ!G15) -> 21631 | H15: =SUM(GIMNAZIJŲ!H15, PROGIMNAZIJŲ!H15, PAGRINDINIŲ!H15, PRADINIŲ!H15) -> 9 | I15: =SUM(GIMNAZIJŲ!I15, PROGIMNAZIJŲ!I15, PAGRINDINIŲ!I15, PRADINIŲ!I15) -> 6 | J15: =SUM(GIMNAZIJŲ!J15, PROGIMNAZIJŲ!J15, PAGRINDINIŲ!J15, PRADINIŲ!J15) -> 6
B16: Varėnos r. | C16: =SUM(GIMNAZIJŲ!C16, PROGIMNAZIJŲ!C16, PAGRINDINIŲ!C16, PRADINIŲ!C16) -> 7 | D16: =SUM(GIMNAZIJŲ!D16, PROGIMNAZIJŲ!D16, PAGRINDINIŲ!D16, PRADINIŲ!D16) -> 100297 | E16: =SUM(GIMNAZIJŲ!E16, PROGIMNAZIJŲ!E16, PAGRINDINIŲ!E16, PRADINIŲ!E16) -> 1626 | F16: =SUM(GIMNAZIJŲ!F16, PROGIMNAZIJŲ!F16, PAGRINDINIŲ!F16, PRADINIŲ!F16) -> 13848 | G16: =SUM(GIMNAZIJŲ!G16, PROGIMNAZIJŲ!G16, PAGRINDINIŲ!G16, PRADINIŲ!G16) -> 15965 | H16: =SUM(GIMNAZIJŲ!H16, PROGIMNAZIJŲ!H16, PAGRINDINIŲ!H16, PRADINIŲ!H16) -> 6 | I16: =SUM(GIMNAZIJŲ!I16, PROGIMNAZIJŲ!I16, PAGRINDINIŲ!I16, PRADINIŲ!I16) -> 6 | J16: =SUM(GIMNAZIJŲ!J16, PROGIMNAZIJŲ!J16, PAGRINDINIŲ!J16, PRADINIŲ!J16) -> 6
B17: Iš viso | C17: =SUM(C12:C16) -> 34 | D17: =SUM(D12:D16) -> 385259 | E17: =SUM(E12:E16) -> 12273 | F17: =SUM(F12:F16) -> 160766 | G17: =SUM(G12:G16) -> 161361 | H17: =SUM(H12:H16) -> 43 | I17: =SUM(I12:I16) -> 32 | J17: =SUM(J12:J16) -> 32
B18: Kauno apskritis
B19: Birštono sav. | C19: =SUM(GIMNAZIJŲ!C19, PROGIMNAZIJŲ!C19, PAGRINDINIŲ!C19, PRADINIŲ!C19) -> 1 | D19: =SUM(GIMNAZIJŲ!D19,PROGIMNAZIJŲ!D19,PAGRINDINIŲ!D19,PRADINIŲ!D19) -> 8903 | E19: =SUM(GIMNAZIJŲ!E19,PROGIMNAZIJŲ!E19,PAGRINDINIŲ!E19,PRADINIŲ!E19) -> 419 | F19: =SUM(GIMNAZIJŲ!F19,PROGIMNAZIJŲ!F19,PAGRINDINIŲ!F19,PRADINIŲ!F19) -> 1058 | G19: =SUM(GIMNAZIJŲ!G19,PROGIMNAZIJŲ!G19,PAGRINDINIŲ!G19,PRADINIŲ!G19) -> 8263 | H19: =SUM(GIMNAZIJŲ!H19,PROGIMNAZIJŲ!H19,PAGRINDINIŲ!H19,PRADINIŲ!H19) -> 1 | I19: =SUM(GIMNAZIJŲ!I19,PROGIMNAZIJŲ!I19,PAGRINDINIŲ!I19,PRADINIŲ!I19) -> 1 | J19: =SUM(GIMNAZIJŲ!J19,PROGIMNAZIJŲ!J19,PAGRINDINIŲ!J19,PRADINIŲ!J19) -> 1
B20: Jonavos r. | C20: =SUM(GIMNAZIJŲ!C20, PROGIMNAZIJŲ!C20, PAGRINDINIŲ!C20, PRADINIŲ!C20) -> 14 | D20: =SUM(GIMNAZIJŲ!D20,PROGIMNAZIJŲ!D20,PAGRINDINIŲ!D20,PRADINIŲ!D20) -> 169878 | E20: =SUM(GIMNAZIJŲ!E20,PROGIMNAZIJŲ!E20,PAGRINDINIŲ!E20,PRADINIŲ!E20) -> 3981 | F20: =SUM(GIMNAZIJŲ!F20,PROGIMNAZIJŲ!F20,PAGRINDINIŲ!F20,PRADINIŲ!F20) -> 35560 | G20: =SUM(GIMNAZIJŲ!G20,PROGIMNAZIJŲ!G20,PAGRINDINIŲ!G20,PRADINIŲ!G20) -> 64095 | H20: =SUM(GIMNAZIJŲ!H20,PROGIMNAZIJŲ!H20,PAGRINDINIŲ!H20,PRADINIŲ!H20) -> 19 | I20: =SUM(GIMNAZIJŲ!I20,PROGIMNAZIJŲ!I20,PAGRINDINIŲ!I20,PRADINIŲ!I20) -> 14 | J20: =SUM(GIMNAZIJŲ!J20,PROGIMNAZIJŲ!J20,PAGRINDINIŲ!J20,PRADINIŲ!J20) -> 14
B21: Kaišiadorių r. | C21: =SUM(GIMNAZIJŲ!C21, PROGIMNAZIJŲ!C21, PAGRINDINIŲ!C21, PRADINIŲ!C21) -> 10 | D21: =SUM(GIMNAZIJŲ!D21,PROGIMNAZIJŲ!D21,PAGRINDINIŲ!D21,PRADINIŲ!D21) -> 105565 | E21: =SUM(GIMNAZIJŲ!E21,PROGIMNAZIJŲ!E21,PAGRINDINIŲ!E21,PRADINIŲ!E21) -> 3047 | F21: =SUM(GIMNAZIJŲ!F21,PROGIMNAZIJŲ!F21,PAGRINDINIŲ!F21,PRADINIŲ!F21) -> 23715 | G21: =SUM(GIMNAZIJŲ!G21,PROGIMNAZIJŲ!G21,PAGRINDINIŲ!G21,PRADINIŲ!G21) -> 71274 | H21: =SUM(GIMNAZIJŲ!H21,PROGIMNAZIJŲ!H21,PAGRINDINIŲ!H21,PRADINIŲ!H21) -> 13 | I21: =SUM(GIMNAZIJŲ!I21,PROGIMNAZIJŲ!I21,PAGRINDINIŲ!I21,PRADINIŲ!I21) -> 9 | J21: =SUM(GIMNAZIJŲ!J21,PROGIMNAZIJŲ!J21,PAGRINDINIŲ!J21,PRADINIŲ!J21) -> 9
B22: Kauno m. | C22: =SUM(GIMNAZIJŲ!C22, PROGIMNAZIJŲ!C22, PAGRINDINIŲ!C22, PRADINIŲ!C22) -> 59 | D22: =SUM(GIMNAZIJŲ!D22,PROGIMNAZIJŲ!D22,PAGRINDINIŲ!D22,PRADINIŲ!D22) -> 524098 | E22: =SUM(GIMNAZIJŲ!E22,PROGIMNAZIJŲ!E22,PAGRINDINIŲ!E22,PRADINIŲ!E22) -> 28823 | F22: =SUM(GIMNAZIJŲ!F22,PROGIMNAZIJŲ!F22,PAGRINDINIŲ!F22,PRADINIŲ!F22) -> 259076 | G22: =SUM(GIMNAZIJŲ!G22,PROGIMNAZIJŲ!G22,PAGRINDINIŲ!G22,PRADINIŲ!G22) -> 266138 | H22: =SUM(GIMNAZIJŲ!H22,PROGIMNAZIJŲ!H22,PAGRINDINIŲ!H22,PRADINIŲ!H22) -> 76 | I22: =SUM(GIMNAZIJŲ!I22,PROGIMNAZIJŲ!I22,PAGRINDINIŲ!I22,PRADINIŲ!I22) -> 59 | J22: =SUM(GIMNAZIJŲ!J22,PROGIMNAZIJŲ!J22,PAGRINDINIŲ!J22,PRADINIŲ!J22) -> 59
B23: Kauno r. | C23: =SUM(GIMNAZIJŲ!C23, PROGIMNAZIJŲ!C23, PAGRINDINIŲ!C23, PRADINIŲ!C23) -> 19 | D23: =SUM(GIMNAZIJŲ!D23,PROGIMNAZIJŲ!D23,PAGRINDINIŲ!D23,PRADINIŲ!D23) -> 167687 | E23: =SUM(GIMNAZIJŲ!E23,PROGIMNAZIJŲ!E23,PAGRINDINIŲ!E23,PRADINIŲ!E23) -> 9069 | F23: =SUM(GIMNAZIJŲ!F23,PROGIMNAZIJŲ!F23,PAGRINDINIŲ!F23,PRADINIŲ!F23) -> 93730 | G23: =SUM(GIMNAZIJŲ!G23,PROGIMNAZIJŲ!G23,PAGRINDINIŲ!G23,PRADINIŲ!G23) -> 120309 | H23: =SUM(GIMNAZIJŲ!H23,PROGIMNAZIJŲ!H23,PAGRINDINIŲ!H23,PRADINIŲ!H23) -> 23 | I23: =SUM(GIMNAZIJŲ!I23,PROGIMNAZIJŲ!I23,PAGRINDINIŲ!I23,PRADINIŲ!I23) -> 19 | J23: =SUM(GIMNAZIJŲ!J23,PROGIMNAZIJŲ!J23,PAGRINDINIŲ!J23,PRADINIŲ!J23) -> 19
B24: Kėdainių r. | C24: =SUM(GIMNAZIJŲ!C24, PROGIMNAZIJŲ!C24, PAGRINDINIŲ!C24, PRADINIŲ!C24) -> 14 | D24: =SUM(GIMNAZIJŲ!D24,PROGIMNAZIJŲ!D24,PAGRINDINIŲ!D24,PRADINIŲ!D24) -> 123484 | E24: =SUM(GIMNAZIJŲ!E24,PROGIMNAZIJŲ!E24,PAGRINDINIŲ!E24,PRADINIŲ!E24) -> 5044 | F24: =SUM(GIMNAZIJŲ!F24,PROGIMNAZIJŲ!F24,PAGRINDINIŲ!F24,PRADINIŲ!F24) -> 56142 | G24: =SUM(GIMNAZIJŲ!G24,PROGIMNAZIJŲ!G24,PAGRINDINIŲ!G24,PRADINIŲ!G24) -> 83342 | H24: =SUM(GIMNAZIJŲ!H24,PROGIMNAZIJŲ!H24,PAGRINDINIŲ!H24,PRADINIŲ!H24) -> 20 | I24: =SUM(GIMNAZIJŲ!I24,PROGIMNAZIJŲ!I24,PAGRINDINIŲ!I24,PRADINIŲ!I24) -> 13 | J24: =SUM(GIMNAZIJŲ!J24,PROGIMNAZIJŲ!J24,PAGRINDINIŲ!J24,PRADINIŲ!J24) -> 13
